いあつ威圧,GI/JpnIにおいてレース中盤以降後ろに控えている馬が威圧を感じスタミナを余計に消費する,なし,・レース中盤に、対象を疲れやすくする,"・GI/JpnIレース
・後方に位置する","・自分より順位の低い相手へ
・最もスタミナの高い相手へ
・相手競走馬1頭",・100%
いきけんこう意気軒昂,先行策をとった時レース終盤に脚をため ためた力で勢いよく鋭い末脚を発揮する,リアルシャダイ1993,"・効果1（条件1を満たすと発揮）
常時脚が少し速くなり、　スタミナが少し増える
・効果2（条件1、2を満たすと発揮）
レース終盤に持久力が上がり、　一定時間後、脚が少し速くなる","・条件1
　長距離レース
　芝レース
・条件2
　騎乗指示：先行","・効果1
自分・効果2
自分",・100%
いこてんよく為虎添翼,レース終盤になると力強い走りに更に気迫が備わった走りを見せる,ハーツクライ2005,"・効果1（条件1を満たすと発揮）
　常時、脚が少し速くなる
・効果2（条件1、2を満たすと発揮）
　レース終盤でスタミナが少し増えて、
　一定時間後、脚が速くなる","・条件1
　中距離以上のレース
　中山競馬場、東京競馬場
　メイダン競馬場
　芝レース
・条件2
　騎乗指示：先行","・効果1
自分・効果2
自分",・100%
いちいせんしん一意専心,力強い末脚を発揮して最後の直線を疾走するその姿は正にマイルの王者,タイキシャトル1998,・最後の直線で、脚が少し速くなる,"・短距離以上のレース
・京都競馬場
・芝レース
・騎乗指示：先行
・自分が一定の順位にいるか",・自分,・100%
いっきかせい一気呵成,最後の直線に入ると一気に後続を突き放すようにギアを上げていく,エルコンドルパサー,・最後の直線で、脚が少し速くなる,"・騎乗指示：逃げ
・長距離レース
・芝レース
・コンディションが絶好調",・自分,・100%
いっきとうせん一騎当千,最後の直線で猛烈に駆け上がり他馬を抜き去る姿は一騎当千のごとき走り,オルフェーヴル,"・効果1（条件1を満たすと発揮）
常時少し気性が荒くなるが、　スタミナが少し増える
・効果2（条件1、2を満たすと発揮）
最後の直線で脚が速くなり、　持久力が上がる","・条件1
　有馬記念、凱旋門賞
　芝レース
　コンディションが絶好調
・条件2
　騎乗指示：追込
　自分が一定の順位にいるか
","・効果1
自分・効果2
自分",・60%
いのり祈り,祈りが天に届くとき特定の中長距離レースでは走りに磨きがかかるだろう,イナリアン,・常時、脚が少し速くなる,"・特定の中距離または
　特定の長距離レース
・コンディションが絶好調",・自分,・100%
いふう威風,最後の直線で後方から一気に追い込む瞬発力を見せる,ニホンピロウイナー,"・最後の直線で、スタミナが増え、
　脚が速くなる","・騎乗指示：追込
・先頭との距離が一定以上離れている",・自分,・100%
いふうどうどう威風堂々,最後の直線で力を振り絞り勝負根性を活かして鋭い走りをみせる,キタサンブラック,"・最後の直線で脚が少し速くなり、
　根性がつく","・特定の中距離または
　特定の長距離のレース
・騎乗指示：逃げ",・自分,・100%
うんえんひどう雲煙飛動,常に飛ぶように走り、その脚はとどまることを知らない,セイウンスカイ1998,"・効果1（条件1を満たすと発揮）
常時、脚が少し速くなる・効果2（条件1、2を満たすと発揮）
最後の直線で脚が少し速くなり、　持久力が上がる","・条件1
　中距離以上のレース
　芝レース
　中山競馬場、京都競馬場
・条件2
　騎乗指示：逃げ","・効果1
自分・効果2
自分",・100%
うんがいそうてん雲外蒼天,数々の期待を一身に背負ってその鋭い脚は最後の直線で遺憾なく発揮する,テンポイント1977,"・効果1（条件1を満たすと発揮）
常時、脚が少し速くなり、　スタミナが少し増える
・効果2（条件1、2を満たすと発揮）
最後の直線で脚が少し速くなり、　スタミナが少し増えて根性がつく","・条件1
　中距離以上のレース
　芝レース
・条件2
　騎乗指示：先行
　自分が一定の順位にいるか","・効果1
自分・効果2
自分",・80%
うんぷてんぷ運否天賦,ただの運否天賦じゃない‥！王であれば発揮できて当然‥！,カズタカイザー,"・効果1（条件1を満たすと発揮）
常時、脚が速くなる・効果2（条件1、2を満たすと発揮）
最後の直線で脚が少し速くなり、　以下のどれかを発揮する
脚が速くなる何も起こらない・効果3（条件1、2を満たすと発揮）
特殊演出が発生する","・条件1
　有馬記念
　芝レース
・条件2
　騎乗指示：逃げ
　自分が一定の順位にいるか","・効果1
自分・効果2
自分・効果3
なし",・100%
えいえんいだい永遠偉大,その偉大な走りは人々の記憶に永遠に残るだろう,ナリタブライアン1993,"・効果1（条件1を満たすと発揮）
　常時、脚が少し速くなる
・効果2（条件1、2を満たすと発揮）
　レース終盤で、脚が速くなり、
　少しスタミナが増える","・条件1
　特定の中距離または
　特定の長距離レース
　中山競馬場、東京競馬場
　京都競馬場
　芝レース
　コンディションが絶好調
　・条件2
　騎乗指示：差し","・効果1
自分・効果2
自分",・100%
えいがえいよう栄華栄耀,後方から展開しレース中盤に他馬を息切れさせつつ自身のスタミナを温存し終盤に備える,トニービン1988,"・効果1（条件1を満たすと発揮）
常時脚が少し速くなり、　スタミナが少し増える
・効果2（条件1、2を満たすと発揮）
レース中盤に、スタミナを減らす・効果3（条件1、2を満たすと発揮）
レース中盤に、スタミナが少し増える","・条件1
　中距離以上のレース
　芝レース
　東京競馬場、ロンシャン競馬場
・条件2
　騎乗指示：差し","・効果1
自分・効果2
自分より順位の高い相手へ相手競走馬5頭・効果3
自分",・100%
えいゆうごうけつ英雄豪傑,武豊騎手の騎乗によって最終コーナーで勢いを増し英雄豪傑の走りをみせる,キタサンブラック2017,"・効果1（条件1を満たすと発揮）
　常時脚が少し速くなり、
　スタミナが少し増える
・効果2（条件1、2を満たすと発揮）
　最終コーナーで脚が少し速くなり、
　スタミナが少し増える","・条件1
　特定の中距離または
　特定の長距離のレース
　芝レース
　騎手が武豊騎手
・条件2
　騎乗指示：逃げ
　自分が一定の順位にいるか
","・効果1
自分・効果2
自分",・80%
えとわーるEtoile,明け方に輝く星……明星その光り輝く様は燃え尽きることを知らない,シーザスターズ2009,"・効果1（条件1を満たすと発揮）
　常時脚が少し速くなり、
　スタミナが少し増える
・効果2（条件1、2を満たすと発揮）
　最後の直線で脚が少し速くなり、
　一定時間後に更に脚が速くなる","・条件1
　特定の長距離レース
・条件2
　騎乗指示：差し","・効果1
自分・効果2
自分",・100%
おうからんまん桜花爛漫,短距離レースでは咲き乱れる桜のように鮮やかに勝利を手にするだろう,サクラバクシンオー1994,"・効果1（条件1を満たすと発揮）
　常時、脚が少し速くなり、
　スタミナが少し増える
・効果2（条件1、2を満たすと発揮）
　最後の直線で、脚が速くなり、
　根性がつく","・条件1
　短距離レース
　芝レース
・条件2
　騎乗指示：先行","・効果1
自分・効果2
自分",・100%
おうかれんだ押下連打,騎手の腰痛をも治療する凄まじい連打は最終コーナーでその真価を発揮するだろう,スーパークリック,・最終コーナーで、脚が少し速くなる,"・枠順が内枠
・コンディションが絶好調
・馬場条件が良、稍重",・自分,・100%
おうこうかっぽ横行闊歩,最後の直線に入るとその時の気分で走るがその結果は誰にも予測がつかない,カブトシロー1967,"・効果1（条件を満たすと発揮）
　最後の直線で、以下のどれかを発揮する
　脚が少し速くなる
　スタミナが少し増える
　何も起こらない
・効果2（条件を満たすと発揮）
　最後の直線で、以下のどれかを発揮する
　脚が非常に速くなる
　スタミナが増える
　何も起こらない
※効果1と効果2は重複して発揮します","・条件1
　中山競馬場、東京競馬場
・条件2
　騎乗指示：追込","・効果1
自分・効果2
自分",・100%
おうごんりょてい黄金旅程,最後の直線に入るとスピードを高めていき、ゴールへ近づくと黄金の末脚をみせるだろう,ステイゴールド2001,"・効果1（条件1を満たすと発揮）
　常時スタミナが少し増えて、
　気性が穏やかになる
・効果2（条件1、2を満たすと発揮）
最後の直線で脚が少し速くなり、　一定時間後、更に脚が非常に速くなる","・条件1
　東京競馬場、京都競馬場、
　メイダン競馬場、シャティン競馬場
　馬場条件が良
　コンディションが絶好調
・条件2
　騎乗指示：差し",・自分,・100%
おでっせいOdyssey,終わりを告げる鐘を鳴らし願いを踏みしめたその一歩であてのない物語の旅は始まる,オジジアン1986,"・効果1（条件を満たすと発揮）
　常時、脚が少し速くなる
・効果2（条件を満たすと発揮）
　最後の直線で脚が少し速くなり、
　根性がつく","・馬場条件が良、稍重
・適性距離内のレース
・東京競馬場、京都競馬場
　シャテイン競馬場","・効果1
自分・効果2
自分",・100%
かいかつてんくう海闊天空,広大な度量の大きさを示しレース終盤では海闊天空のように底の見えない持久力をみせるだろう,ハイセイコー1974,"・効果1（条件1を満たすと発揮）
　常時脚が少し速くなり
　根性がつく
・効果2（条件1、2を満たすと発揮）
　レース終盤でスタミナが少し増え
　持久力が上がり
　一定時間後、脚が少し速くなる","・条件1
　中距離以上のレース
　中山競馬場、東京競馬場、京都競馬場
・条件2
　騎乗指示：逃げ","・効果1
自分・効果2
自分",・70%
かいしんげき快進撃,有馬記念で魅せる‥圧倒的快進撃‥！,ユキオー,"・効果1（条件1を満たすと発揮）
常時、脚が少し速くなる・効果2（条件1、2を満たすと発揮）
最後の直線で脚が少し速くなり、　根性がつく
・効果3（条件1、2を満たすと発揮）
特殊演出が発生する","・条件1
　有馬記念
　芝レース
・条件2
　騎乗指示：差し
　自分が一定の順位にいるか","・効果1
自分・効果2
自分・効果3
なし",・100%
かいぶつ怪物,どこからでも仕掛け　他馬を制する翼すら強奪する怪物の証,ナリタブライアン1994,"・効果1（条件1を満たすと発揮）
常時、脚が少し速くなる・効果2（条件1、2を満たすと発揮）
最後の直線で対象の脚を遅くし、　スタミナを減らす","・条件1
　中距離レース
　芝レース
・条件2
　騎乗指示：先行、差し","・効果1
自分・効果2
騎乗指示：追込・自分より順位の高い相手へ",・100%
かいほう解放,スタミナを残した状態でレース後半瞬発力勝負に持ち込むだろう,ミスターシービー1983,"・効果1（条件1を満たすと発揮）
常時、スタミナが少し増える・効果2（条件1、2を満たすと発揮）
レース終盤に疲れやすくなるが、　脚が速くなる","・条件1
　中距離以上のレース
　コンディションが好調以上
・条件2
　騎乗指示：追込
　自分が一定の順位にいるか","・効果1
自分・効果2
自分",・80%
がしんしょうたん臥薪嘗胆,最後の直線に入った時に溜めていた力を解き放つ,グリーングラス1977,"・最後の直線で脚が少し速くなり、
　スタミナが少し増える","・長距離レース
・芝レース
・騎乗指示：先行",・自分,・100%
がりょうてんせい画竜点睛,誇り高く揺るがぬ自信はレース終盤の激動において他馬を圧倒する,シンボリルドルフ1984,"・効果1
　常時、脚が少し速くなる
・効果2
　最後の直線で、脚が少し速くなる","・条件1
　日本ダービー、皐月賞、菊花賞、
　天皇賞(春)、有馬記念、ジャパンカップ
・条件2
　騎乗指示：先行","・効果1
自分・効果2
自分",・100%
きあいばくはつ気合爆発,気合を溜めながらレースを進め最後の直線に入ることで溜めていた気合を爆発させる,シュヴァルグラン,"・最後の直線で脚が速くなり、
　根性がつく","・ジャパンカップ
・芝レース
・騎乗指示：差し",・自分,・70%
きうこうだい気宇広大,溢れるスタミナを上手く使う走りは底知れぬ器量の広さをうかがわせる,メジロマックイーン1991,"・効果1（条件1を満たすと発揮）
　常時、スタミナが少し増える
・効果2（条件1、2を満たすと発揮）
　レース終盤で、脚が速くなり、
　少しスタミナが増える","・条件1
　中距離以上のレース
　京都競馬場、阪神競馬場
　芝レース
・条件2
　騎乗指示：先行
　自分が一定の順位にいるか","・効果1
自分・効果2
自分",・100%
きぼう希望,道中で中団以下の位置取りとなった場合好位に取り付く為に脚を使う,ヴィクトワールピサ2011,"・効果1（条件1を満たすと発揮）
常時、脚が速くなる・効果2（条件1、2を満たすと発揮）
最終コーナーで、脚が少し速くなる","・条件1
　中距離以上のレース
　コンディションが絶好調
・条件2
　騎乗指示：先行
　自分が一定の順位にいるか","・効果1
自分・効果2
自分",・80%
きゅうてんちょっか急転直下,国内と香港のオーバーシード芝に難なく対応し福永騎手と共に鋭い末脚で勝ちを我が物とする,エイシンプレストン2003,"・効果1（条件1を満たすと発揮）
常時、脚が少し速くなる・効果2（条件1、2を満たすと発揮）
最後の直線で脚が速くなり、　スタミナが増える","・条件1
　マイル以上のレース
　芝レース
　中山競馬場、東京競馬場、
　阪神競馬場、小倉競馬場、
　福島競馬場、京都競馬場、
　中京競馬場、シャティン競馬場
　騎手が福永騎手
・条件2
　騎乗指示：差し
　自分が一定の順位にいるか","・効果1
自分・効果2
自分",・100%
きょうこ強固,ゴール前は誰にも譲らないという強固な意志を持ちスピードを加速させる,ニッポーテイオー1987,"・最後の直線で疲れやすくなるが、
　脚が少し速くなる","・短距離以上のレース
・東京競馬場、京都競馬場
・騎乗指示：先行
・自分が一定の順位にいるか",・自分,・80%
きょうしんとうひ強心逃避,馬群を抜けハナを制し主導権を握る馬を信じ貫くことで大レースを制する,ミホノブルボン1992,"・効果1（条件1を満たすと発揮）
常時、脚が少し速くなる・効果2（条件1、2を満たすと発揮）
レース序盤に脚が少し速くなり、　持久力が上がる","・条件1
　クラシックレース
　中距離以上のレース
　芝レース
・条件2
　騎乗指示：逃げ
　自分が一定の順位にいるか","・効果1
自分・効果2
自分",・100%
きょうらんどとう狂瀾怒濤,脅威のスタミナでゴールまで全速力で駆け抜ける,ゴールドシップ2012,"・効果1（条件1を満たすと発揮）
常時気性が荒くなるが、　スタミナが増え脚が速くなる
・効果2（条件1、2を満たすと発揮）
レース終盤で脚が少し速くなり、　少し経つと更に脚が速くなる
・効果3（条件1、2を満たすと発揮）
　レース終盤でスタミナが少し増える","・条件1
　長距離レース
　芝レース
・条件2
　騎乗指示：追込
　自分が一定の順位にいるか","・効果1
自分・効果2
自分・効果3
自分",・50%
きょかしゅうじつ去華就実,華より実を取る気持ちでレースをものにするだろう,タニノチカラ1974,"・効果1（条件1を満たすと発揮）
　常時、脚が少し速くなる
・効果2（条件1、2を満たすと発揮）
　最終コーナーで脚が少し速くなり、
　持久力が上がる","・条件1
　中山競馬場、東京競馬場、札幌競馬場
・条件2
　騎乗指示：逃げ","・効果1
自分・効果2
自分",・100%
けんどちょうらい捲土重来,最後の直線でゴールまで突き進む末脚をみせ差しきる走りをみせる,イーグルカフェ2002,"・最後の直線で、脚が少し速くなり
　持久力が上がる","・マイル以上のレース
・中山競馬場、東京競馬場
・騎乗指示：差し",・自分,・80%
けんにんふばつ堅忍不抜,持続性のある脚とそれを支える強心臓を持つ強者にのみ与えられた才能,ブライアンズタイム1995,"・最後の直線で持久力が上がり、
　脚が少し速くなる","・中距離以上のレース
・コンディションが好調以上
・騎乗指示：差し
・自分が一定の順位にいるか",・自分,・80%
こうきさんぜん光輝燦然,終盤での接戦を鮮やかにものにするその姿は光輝燦然,アジュディミツオー2006,"・効果1（条件1を満たすと発揮）
　常時、根性がつく
・効果2（条件1、2を満たすと発揮）
　最後の直線で脚が速くなり、
　スタミナが少し増える","・条件1
　大井競馬場
・条件2
　騎乗指示：逃げ
　他馬と競り合う位置にいるか","・効果1
自分・効果2
自分",・100%
こうてい皇帝,騎手の合図に呼応する様に反応する長さと切れ味を持った末脚は皇帝の名に相応しい,シンボリルドルフ1985,"・効果1（条件1を満たすと発揮）
常時脚が速くなり、スタミナが増える・効果2（条件1、2を満たすと発揮）
最後の直線で、脚が少し速くなり、　スタミナが少し増える","・条件1
　中距離以上のレース
　芝レース
　コンディションが絶好調
・条件2
　騎乗指示：先行
　自分が一定の順位にいるか
　他馬と競り合う位置にいるか","・効果1
自分・効果2
自分",・80%
こしたんたん虎視眈々,虎視眈々と好機を睨み最後の直線で全てをかける鋭い末脚を発揮できる非凡な才能,マヤノトップガン1997,"・最終コーナーで脚を溜め、
　最後の直線で脚が速くなる","・馬場条件が良
・長距離レース
・京都競馬場
・芝レース
・騎乗指示：差し",・自分,・80%
こんごうふえ金剛不壊,最後の直線で勝負どころを見極める堅い意志を持った走りはさながら金剛不壊の末脚,サトノダイヤモンド2016,"・効果1（条件1を満たすと発揮）
　常時脚が速くなる
・効果2（条件1、2を満たすと発揮）
　最後の直線で、脚が少し速くなる
・効果3（条件1、2を満たすと発揮）
　最後の直線で、対象の脚を遅くする","・条件1
　天候が雨
　長距離レース
　芝コース
・条件2
　騎乗指示：差し
　自分が一定の順位にいるか","・効果1
自分・効果2
自分・効果3
自分以外の相手へ騎乗指示：逃げ",・50%
ごうきゃく豪脚,道中は先行馬の影に隠れ直線で豪脚を見せる事がある大舞台でこその豪脚,トウカイテイオー1993,・最後の直線で、脚が少し速くなる,"・長距離レース
・中山競馬場
・芝レース
・騎乗指示：差し
・自分が一定の順位にいるか",・自分,・100%
さじんまきあげ砂塵巻上,強力なパワーを活かして砂塵を巻き上げダートコースを駆け抜ける,ムーチョマッチョマン2013ギルデッドタイム1992マウントリバーモア1987スペンドアバック1985ジェイドロバリー1989,"・常時脚が少し速くなり、
　スタミナが少し増える",・ダートレース,・自分,・100%
しじゅんしこう至純至高,最後の直線で持ち前の勝負根性を発揮し粘り強い走りをみせる,ヤマニンゼファー1993,"・効果1（条件1を満たすと発揮）
　常時脚が少し速くなり、
　気性が穏やかになる
・効果2（条件1、2を満たすと発揮）
　最終コーナーで脚が少し速くなり、
　持久力が上がり根性がつく","・条件1
　マイル以上のレース
　東京競馬場
　芝レース
・条件2
　騎乗指示：先行
　自分が一定の順位にいるか","・効果1
自分・効果2
自分",・80%
しっぷうけいそう疾風勁草,気分がのった時は最後の直線での加速に加え苦難に耐えた粘りをみせるだろう,エリモジョージ1976,"・効果1（条件1を満たすと発揮）
　常時脚が少し速くなる
・効果2（条件1、2を満たすと発揮）
　最後の直線で少し脚が速くなり、
　根性がつく","・条件1
　中距離以上のレース
　阪神競馬場、京都競馬場
・条件2
　騎乗指示：逃げ","・効果1
自分・効果2
自分",・70%
しっぷうじんらい疾風迅雷,溜めた力を一気に解放し雷のごとき末脚をみせるまさに疾風迅雷,カネヒキリ2005,"・効果1（条件1を満たすと発揮）
常時、脚が速くなる・効果2（条件1、2を満たすと発揮）
最後の直線でスタミナが少し増えて　根性がつき、一定時間後、
　脚が少し速くなる","・条件1
　マイル以上のレース
　ダートレース
・条件2
　騎乗指示：先行","・効果1
自分・効果2
自分",・100%
しっぷうどとう疾風怒濤,最終コーナーでゴールを見据え疾風怒濤の如く勝ち筋を見出す,ライスシャワー1993,"・効果1（条件1を満たすと発揮）
　常時脚が少し速くなり、
　スタミナが少し増える
・効果2（条件1、2を満たすと発揮）
　最終コーナーで、脚が速くなる","・条件1
　特定の長距離レース
・条件2
　騎乗指示：先行","・効果1
自分・効果2
自分",・100%
しゅうきゅうきかく蹴球規格,京都や阪神競馬場では某協会の弛まぬ努力により力強い走りが出来るだろう,サッカーボール,"・効果1（条件1を満たすと発揮）
　常時、スタミナが少し増える
・効果2（条件1、2を満たすと発揮）
　スタート時に、脚が少し速くなる","・条件1
　マイル以上のレース
　阪神競馬場、京都競馬場
　芝レース
・条件2
　人気が高い","・効果1
自分・効果2
自分",・80%
しゅうまく終幕,最後の直線を豪速球のように駆け抜けレースを終幕へと向かわせる,ゲームイズオーバー,・最後の直線で、脚が速くなる,"・マイルレース
・コンディションが好調以上
・騎乗指示：先行
・自分が一定の順位にいるか",・自分,・100%
しょうかてんこう上下天光,空と地からレース全体を読み光のごときスピードで追い込む走りを見せる,イシノヒカル1972,"・効果1（条件1を満たすと発揮）
　常時、脚が少し速くなる
・効果2（条件1、2を満たすと発揮）
　最後の直線で、脚が速くなる","・条件1
　長距離レース
　中山競馬場、京都競馬場
・条件2
　騎乗指示：追込","・効果1
自分・効果2
自分",・100%
しょうせい将星,愛や情けを捨て去り聖帝として競馬界に君臨する,アイナドイラヌ20XX,"・効果1（条件を満たすと発揮）
　最後の直線で脚が速くなる
・効果2（条件を満たすと発揮）
　最後の直線で、対象を疲れやすくする","・短距離以上のレース
・ダートレース
・騎乗指示：先行
・人気が高い","効果1
　自分
・効果2
騎乗指示：逃げ　相手競走馬2頭",・100%
しんきいってん心機一転,気持ちを整えて力強い走りができる,メジロパーマー,"・常時脚が少し速くなり、
　気性が穏やかになる","・中距離以上のレース
・芝レース",・自分,・100%
しんじついちろ真実一路,差しでレースを進めた場合最後の直線で抜け出すような末脚をみせる,トロットスター2001,"・最後の直線で、脚が速くなり
　根性がつく","・短距離レース
・自分が一定の順位にいるか
・騎乗指示：差し",・自分,・100%
しんてんどうち震天動地,最後の直線に入ると大地を揺るがす脚で観客の心をも揺るがす,マグニテュード,・最後の直線で、脚が速くなる,"・短距離以上のレース
・芝レース
・コンディションが絶好調
・騎乗指示：先行",・自分,・100%
じゅうおうむじん縦横無尽,最後の直線で他馬を出し抜き切れ味鋭い末脚をみせる天皇賞(秋)のみで発揮できる才能,テイエムオペラオー2000,"・効果1（条件1を満たすと発揮）
常時、脚が少し速くなる・効果2（条件1、2を満たすと発揮）
最後の直線で、脚が少し速くなる・効果3（条件1、2を満たすと発揮）
　対象を疲れやすくする","・条件1
　天皇賞(秋)
・条件2
　騎乗指示：先行","・効果1
自分・効果2
自分・効果3
自分より順位の高い相手へ",・100%
じゆうかったつ自由闊達,距離や馬場状態、騎乗方法にとらわれない自由な走りで勝利をもぎ取る,ノーザンテースト1982,"・効果1（条件1を満たすと発揮）
　常時脚が少し速くなり、
　スタミナが少し増え、気性が穏やかになる
・効果2（条件1、2を満たすと発揮）
　最後の直線で、脚が少し速くなる","・条件1
　芝レース
　コンディションが絶好調
・条件2
　人気が高い","・効果1
自分・効果2
自分",・60%
じんそくかだん迅速果断,先行策をとった時　最後の直線で隙を突き、勢いのある馬が辟易するほどの走りを見せる,モーリス2015,"・効果1（条件1を満たすと発揮）
常時、脚が少し速くなる・効果2（条件1、2を満たすと発揮）
最後の直線で、脚が少し速くなる・効果3（条件1、2を満たすと発揮）
最後の直線で、対象の脚を遅くする","・条件1
　短距離以上のレース
　京都競馬場、シャティン競馬場
　芝レース
・条件2
　騎乗指示：先行","・効果1
自分・効果2
自分・効果3
自分以外の一番速く走っている相手へ",・70%
せんじんちゃっか先陣着火,先団に取り付き好位から抜け出すと着火するような末脚を発揮する宝塚記念でのみ発揮できる才能,メジロライアン1991,"・ 最後の直線で脚が少し速くなり、
　持久力が上がる","・宝塚記念
・芝レース
・騎乗指示：先行
・自分が一定の順位にいるか",・自分,・100%
せんぷう旋風,先行策を取り最終コーナーで好位につけると絶好のタイミングで飛び出せるその姿はまるで旋風,ビワハヤヒデ1994,"・効果1（条件1を満たすと発揮）
常時、脚が少し速くなる・効果2（条件1、2を満たすと発揮）
最終コーナーで脚が少し速くなり、　持久力が上がる","・条件1
　馬場条件が良
　中距離レース
　阪神競馬場
　芝レース
・条件2
　騎乗指示：先行
　自分が一定の順位にいるか","・効果1
自分・効果2
自分",・80%
そうきゃく送脚,道中はタイミングを伺い直線で送脚を見せる 騎手を無事にゴールまで送ることが大事,コウカイテイオー,・最後の直線で、脚が少し速くなる,"・長距離レース
・中山競馬場
・芝レース
・騎乗指示：差し
・自分が一定の順位にいるか",・自分,・100%
そうめいごうき聡明剛毅,逃げる展開でもレース終盤で力を強く保ちスピードを上げる走りはまさに聡明剛毅,キタサンブラック2016,"・効果1（条件1を満たすと発揮）
　常時脚が少し速くなり、
　スタミナが少し増える
・効果2（条件1、2を満たすと発揮）
　最後の直線で脚が少し速くなり、
　スタミナが少し増える","・条件1
　長距離レース
　芝レース
　東京競馬場、京都競馬場
・条件2
　騎乗指示：逃げ
　自分が一定の順位にいるか
　自分が最も速く走っているか","・効果1
自分・効果2
自分",・100%
たいぜんじじゃく泰然自若,気持ちを落ち着けてレースに臨むことで自慢の脚を使うことができるだろう,メリーナイスカツラノハイセイコ,"・常時脚が少し速くなり、
　気性が穏やかになる","・中距離以上のレース
・東京競馬場、中山競馬場、京都競馬場",・自分,・100%
たて殺陣,スタートと同時に荒ぶる狂気で猛然と先頭を駆け抜けるだろうその姿はまさに殺陣の如し,カブラヤオー1975,"・スタート時に脚が少し速くなり、
　スタミナが少し増える","・中山競馬場、東京競馬場、札幌競馬場
・芝レース
・騎乗指示：逃げ
・一定以上の人気度がある
・自分が一定の順位にいるか",・自分,・100%
だいばくはつ大爆発,最後の直線残り250メートル付近驚愕の末脚を爆発させるそれ以上でも以下でもない,ジャスタウェイ2014,"・効果1（条件1を満たすと発揮）
常時脚が少し速くなり、　スタミナが少し増える
・効果2（条件1、2を満たすと発揮）
最後の直線でスタミナが少し増え、　脚が非常に速くなる","・条件1
　マイル以上のレース
　芝レース
・条件2
　騎乗指示：差し
　自分が一定の順位にいるか","・効果1
自分・効果2
自分",・60%
ちょうけんてんじつ重見天日,最後の直線で勝負根性を発揮し驚異の走りをみせて日の目を見る,サンデーサイレンス1995,"・効果1（条件1を満たすと発揮）
　常時脚が少し速くなり、
　根性がつく
・効果2（条件1、2を満たすと発揮）
　最後の直線で脚が速くなり、
　根性がつく","・条件1
　コンディションが好調以上
・条件2
　人気が高い","・効果1
　自分
・効果2
　自分",・70%
ちょうこうそく超光速,光速を超えた走りはすべてを置き去りにし誰も寄せ付けない,アグネスタキオン2008,"・最終コーナーで脚が速くなり
　一定時間後、更に脚が速くなる","・中距離レース
・芝レース
・騎乗指示：先行",・自分,・100%
ちょくおうまいしん直往邁進,遅れを取ってもハナを奪うため邁進するその姿に他馬は末脚を鈍らせる,ダイタクヘリオス1992,"・効果1（条件1を満たすと発揮）
常時、脚が速くなる・効果2（条件1、2を満たすと発揮）
最後の直線で、脚が少し速くなる・効果3（条件1、2を満たすと発揮）
最後の直線で、対象の脚を遅くする","・条件1
　短距離以上のレース
　コンディションが絶好調
・条件2
　騎乗指示：逃げ
　自分が一定の順位にいるか","・効果1
自分・効果2
自分・効果3
自分より順位の高い相手へ・騎乗指示：先行
・相手競走馬2頭",・80%
ていおう帝王,最後の直線で栄光に向かう帝王の走りを見せる,トウカイテイオー1992,"・効果1（条件1を満たすと発揮）
　常時、スタミナが少し増える
・効果2（条件1、2を満たすと発揮）
　最後の直線で脚が速くなり、
　持久力が上がる","・条件1
　中距離以上のレース
　東京競馬場、阪神競馬場
　コンディションが絶好調
・条件2
　騎乗指示：先行","・効果1
　自分
・効果2
　自分",・100%
てんいむほう天衣無縫,レース中盤からスタミナを残し充実した気力を持って最後の直線に臨む,スペシャルウィーク1999,"・効果1（条件1を満たすと発揮）
　常時、脚が少し速くなる
・効果2（条件1、2を満たすと発揮）
　レース中盤に、スタミナが少し増える","・条件1
　東京競馬場
　中距離以上のレース
　芝レース
・条件2
　騎乗指示：先行、差し","・効果1
自分・効果2
自分",・100%
てんはかっさつ天破活殺,レース序盤で内なる闘気を高め闘気を放つことにより主導権をとる,シチョウセイ20XX,"・レース序盤に脚が速くなり、
　スタミナが少し増える","・馬場状態：良
・短距離以上のレース
・中山競馬場、阪神競馬場、
　京都競馬場
・芝レース
・騎乗指示：逃げ",・自分,・100%
てんばこうくう天馬行空,逃げを打った時最後の直線で天馬行空のごとき走りで切れる脚をみせる,トウショウボーイ1977,"・効果1（条件1を満たすと発揮）
常時脚が少し速くなり、　スタミナが少し増える
・効果2（条件1、2を満たすと発揮）
最後の直線で、対象を疲れやすくする・効果3（条件1、2を満たすと発揮）
　最後の直線で、脚が少し速くなる","・条件1
　中距離以上のレース
　芝レース
・条件2
　騎乗指示：逃げ","・効果1
自分・効果2
自分との差が一定距離内の相手へ・効果3
自分",・100%
てんりゅうこきゅうほう転龍呼吸法,100％の力を引き出し他馬を圧倒するかのような走りをみせる,ホクトシチセイゴー20XX,"・効果1（条件1を満たすと発揮）
　常時、気性が荒くなる
・効果2（条件1、2を満たすと発揮）
　最後の直線で、脚が速くなる
・効果3（条件1、2を満たすと発揮）
　特殊演出が発生する","・条件1
　中山競馬場、東京競馬場
　コンディションが絶好調
・条件2
　騎乗指示：差し","・効果1
　自分
・効果2
　自分",・100%
でんかのほうとう伝家宝刀,レースの分水嶺を見極め詰めの決定打として隠していた切り札を切る,カツラギエース1984,"・効果1（条件1を満たすと発揮）
　常時脚が少し速くなり、
　スタミナが少し増える
・効果2（条件1、2を満たすと発揮）
　最後の直線で、脚が速くなる
・効果3（条件1、2を満たすと発揮）
　最後の直線で、対象の脚を遅くする","・条件1
　有馬記念、ジャパンカップ
・条件2
　騎乗指示：逃げ","・効果1
自分・効果2
自分・効果3
　自分以外の相手へ
　パーソロン産駒",・100%
でんこうらいごう電光雷轟,荒々しくも卓越した走りは最後の直線で稲妻の如く馬群を駆け抜けるだろう,トロットサンダー1996,"・効果1（条件1を満たすと発揮）
　常時気性が荒くなるが、
　脚が少し速くなる
・効果2（条件1、2を満たすと発揮）
　最後の直線で、
　疲れやすくなるが脚が速くなる","・条件1
　マイルレース
・条件2
　騎乗指示：差し
　人気が高い","・効果1
自分・効果2
自分",・100%
とうきりつだん当機立断,無謀とも思える早い仕掛けで他馬を翻弄し自ら好機を演出する気づいた時にはすでに遅い,サクラローレル1996,"・効果1（条件1を満たすと発揮）
常時、脚が少し速くなる・効果2（条件1、2を満たすと発揮）
最後の直線で、対象の脚を遅くする・効果3（条件1、2を満たすと発揮）
最後の直線で、脚が少し速くなる","・条件1
　長距離レース
　芝レース
・条件2
　騎乗指示：差し
　自分が一定の順位にいるか","・効果1
自分・効果2
騎乗指示：差し・相手競走馬3頭
・自分より順位の低い相手へ
・効果3
自分",・80%
とうしまんまん闘志満々,切れ味鋭い末脚には他馬に負けない闘志が宿る,イナリワン1989,"・効果1（条件1を満たすと発揮）
　常時、脚が少し速くなる
・効果2（条件1、2を満たすと発揮）
　最後の直線で脚が速くなり、
　根性がつくが、疲れやすくなる","・条件1
　天皇賞（春）、宝塚記念、有馬記念
・条件2
　騎乗指示：差し","・効果1
自分・効果2
自分",・100%
どうしんりくりょく同心戮力,天性の強心臓が目を覚ます武豊騎手ならば　その非凡な才能を発揮させ勝利へと導けるだろう,スーパークリーク,"・効果1（条件1を満たすと発揮）
常時、脚が速くなる・効果2（条件1、2を満たすと発揮）
最後の直線で、ロングスパートになる","・条件1
　長距離レース
　騎手が武豊騎手
・条件2
　騎乗指示：先行
　自分が一定の順位にいるか","・効果1
自分・効果2
自分",・100%
どりーむDream,静かにスタートの合図を待ち時が来たならば全ての雑念を捨て夢の為に力強く走り出す,ドバイミレニアム2000,"・効果1（条件1を満たすと発揮）
　常時、脚が少し速くなり
　根性がつく
・効果2（条件1、2を満たすと発揮）
　スタート時に脚が速くなる","・条件1
　ロンシャン競馬場
　メイダン競馬場
・条件2
　騎乗指示：逃げ","・発揮効果1
　自分
・発揮効果2
　自分",・100%
はおう覇王,最後の直線に入ると他馬を寄せ付けぬ覇王と呼ぶに相応しい走りをみせる,テイエムオペラオー2001,"・効果1（条件1を満たすと発揮）
　常時脚が少し速くなり、
　スタミナが少し増える
・効果2（条件1、2を満たすと発揮）
　最後の直線で脚が速くなる","・条件1
　中距離以上のレース
　芝レース
　コンディションが絶好調
・条件2
　騎乗指示：先行","・効果1
自分・効果2
自分",・100%
はちく破竹,最後の直線に入ると破竹の勢いで勝利を目指す,タケホープ,・最後の直線で、脚が少し速くなる,"・騎乗指示：先行
・特定の長距離のレース",・自分,・100%
はてん破天,この荒馬の前では他馬の存在は霞み視界には唯一の馬影が映る天を破るほどの末脚　黄金の血脈,オルフェーヴル2013,"・効果1（条件1を満たすと発揮）
常時気性が荒くなるが、　スタミナが少し増え、脚が少し速くなる
・効果2（条件1、2を満たすと発揮）
最後の直線で脚が少し速くなり、　少し経つと更に脚が速くなる","・条件1
　中距離以上のレース
　芝レース
・条件2
　騎乗指示：追込
　自分が一定の順位にいるか
　人気が高い","・効果1
自分・効果2
自分",・100%
ばんりののぞみ万里之望,荒野を切り開くように大業を成し遂げる力をみせる,ワイルドアゲイン1984,"・常時脚が少し早くなり、
　スタミナが少し増えて、
　気性が穏やかになる","・短距離以上のレース
・コンディションが絶好調",・自分,・100%
ひえんりゅうぶ飛燕流舞,最後の直線で華麗なる脚を見せて加速する,ナントセイケン20XX,"・効果1（条件1を満たすと発揮）
　常時、スタミナが少し増える
・効果2（条件1、2を満たすと発揮）
　最後の直線で、脚が速くなる","・条件1
　中距離以上のレース
　中山競馬場、阪神競馬場
　芝レース
・条件2
　騎乗指示：先行","・効果1
　自分
・効果2
　自分",・100%
ひしょう飛翔,この馬はまるで飛ぶように走る比類なき才能は強者の証,ディープインパクト2005,・最後の直線で、脚が速くなる,"・中距離レース
・芝レース
・騎乗指示：追込
・自分が一定の順位にいるか",・自分,・100%
ひゃくせつふとう百折不撓,何事にも負けない心意気でゴールに向かって走り切る姿はまさに百折不撓,ゼンノロブロイ2004,"・効果1（条件1を満たすと発揮）
　常時、脚が少し速くなる
・効果2（条件1、2を満たすと発揮）
　最後の直線で脚が速くなり、
　スタミナが少し増えて、
　一定時間後、さらに脚が速くなる","・条件1
　長距離レース
　中山競馬場、東京競馬場
・条件2
　騎乗指示：先行
　自分が一定の順位にいるか","・効果1
　自分
・効果2
　自分",・100%
ひゃくせんれんま百戦錬磨,海外のレースで優れた走りをみせ、百戦錬磨の力を発揮する,ウッドマン1990キャロルハウス1989,"・常時脚が少し速くなり、
スタミナが少し増える","・ロンシャン競馬場、メイダン競馬場、
　シャティン競馬場",・自分,・100%
ふぃえるてFierte,最終コーナーで絵画から抜け出すようにコースを駆け抜ける,パントレセレブル1997,"・効果1（条件1を満たすと発揮）
　常時、気性が穏やかになる
・効果2（条件1、2を満たすと発揮）
　最終コーナーで脚が速くなり、
　スタミナが増える","・条件1
　ロンシャン競馬場、メイダン競馬場、
　シャティン競馬場
・条件2
　騎乗指示：差し
　自分が一定の順位にいるか","・効果1
自分・効果2
自分",・100%
ふうさつ封殺,大舞台で先行策をとった時差し馬の豪脚を封じる圧巻の走りを見せる事がある,メジロマックイーン1992,"・効果1（条件1を満たすと発揮）
常時、脚が少し速くなる・効果2（条件1、2を満たすと発揮）
最後の直線で、対象を疲れやすくし、　脚を遅くする","・条件1
　長距離レース
・条件2
　騎乗指示：先行
　自分が一定の順位にいるか","・効果1
自分・効果2
一番速く走っている相手へ・騎乗指示：差し
・相手競走馬1頭",・100%
ふきほんぽう不羈奔放,最後の直線で他馬を戸惑わせるような不羈奔放な走りを見せる,テスコボーイ1974,"・効果1（条件1を満たすと発揮）
　常時、脚が少し速くなる
・効果2（条件1、2を満たすと発揮）
　最後の直線で、脚が少し速くなる
・効果3（条件1、2を満たすと発揮）
　最後の直線で、他馬の脚を遅くする","・条件1
　長距離レース
　芝レース
・条件2
　騎乗指示：逃げ、先行","・効果1
　自分
・効果2
　自分
・効果3
　自分との差が一定距離内の相手へ",・100%
ふしちょう不死鳥,幾度もの苦難を乗り越えターフへと舞い戻り勝利した姿にはその異名がつく,グラスワンダー1999,"・効果1（条件1を満たすと発揮）
　常時脚が少し速くなり、
　スタミナが少し増える
・効果2（条件1、2を満たすと発揮）
　最終コーナーで脚が速くなる","・条件1
　特定の中距離または
　特定の長距離レース
　中山競馬場、東京競馬場
　阪神競馬場
　芝レース
・条件2
　騎乗指示：差し","・効果1
自分・効果2
自分",・100%
ふじきせき富士奇石,ゴールに迫ったとき脅威の瞬発力を発揮し他馬を突き離すような走りを見せる,フジキセキ2003,"・最後の直線で脚が速くなり、
　根性がつく","・短距離以上のレース
・騎乗指示：先行
・芝レース",・自分,・60%
ふたいてん不退転,最後の直線で目標を捉えた時不退転の末脚を発揮し他馬を尻込みさせる,マカヒキ2016,"・効果1（条件1を満たすと発揮）
常時、脚が速くなる・効果2（条件1、2を満たすと発揮）
最後の直線で対象を疲れやすくし、　脚を遅くする","・条件1
　中距離以上のレース
　コンディションが好調以上
　芝レース
・条件2
　騎乗指示：差し
　自分が一定の順位にいるか","・効果1
自分・効果2
自分より順位の高い相手へ",・100%
ふとうふくつ不撓不屈,抜きんでたスピード能力をドバイの地でも発揮する,ジェイペグ2008エルヴストローム2005,・常時脚が速くなり、スタミナが少し増える,"・メイダン競馬場
・芝レース",・自分,・100%
ほうめいちょうよう鳳鳴朝陽,日が昇っているならば最後の直線で鳳凰のごとく羽ばたくだろう,モンテプリンス1982,"・効果1（条件1を満たすと発揮）
常時脚が少し速くなり、　スタミナが少し増える
・効果2（条件1、2を満たすと発揮）
最後の直線で、脚が速くなる","・条件1
　天候が晴
　馬場条件が良
　芝レース
　阪神競馬場、京都競馬場
　中距離以上のレース
・条件2
　騎乗指示：先行","・効果1
自分・効果2
自分",・100%
ほくとてんきしょう北斗天帰掌,悔いを残さない全力の走りでレースに臨む,ミマモルアイモアル20XX,"・最後の直線で脚が速くなり、
　持久力が上がる","・中距離以上のレース
・中山競馬場、東京競馬場、京都競馬場
・騎乗指示：先行
・自分が最も速く走っているか",・自分,・100%
ほくとひゃくれつけん北斗百裂拳,猛烈な速さでゴールへと突き進む,ホクトシンケン20XX,"・効果1（条件1を満たすと発揮）
　常時、脚が少し速くなる
・効果2（条件1、2を満たすと発揮）
　最後の直線で脚が少し速くなり
　一定時間後、更に脚が少し速くなり
　一定時間後、もう一段階、脚が速くなる
・効果3（条件1、2を満たすと発揮）
　特殊演出が発生する","・条件1
　中山競馬場、京都競馬場
　芝レース
・条件2
　騎乗指示：逃げ","・効果1
　自分
・効果2
　自分",・100%
ほんいつ奔逸,馬を抑えることなく先を取る影さえ踏ませぬ奔逸ぶりは圧巻の一言,エイシンヒカリ,"・効果1（条件1を満たすと発揮）
常時、脚が少し速くなる・効果2（条件1、2を満たすと発揮）
スタート時に、疲れやすくなるが、　脚が少し速くなる","・条件1
　中距離レース
　芝レース
・条件2
　騎乗指示：逃げ","・効果1
自分・効果2
自分",・100%
まれぬの稀布,希少価値の高い毛並みは歳を経て尚も威風を纏い鮮やかにゴールを駆け抜ける,タマノクロス,"・最後の直線で脚が少し速くなり、
　根性がつく","・年齢が4歳以上
・他馬と競り合う位置にいるか",・自分,・100%
むげん夢限,最後の直線でみせる脅威の末脚は限りない夢を追うだろう,ドリームジャーニー2009,・最後の直線で脚が速くなる,"・マイル以上のレース
・中山競馬場、阪神競馬場
・芝レース
・騎乗指示：追込",・自分,・100%
むそういんさつ無想陰殺,相手を見切り一気に捲る王の走りをみせる,アイシラヌユエ20XX,"・最後の直線で脚が速くなり、
　スタミナが少し増える","・マイル以上のレース
・騎乗指示：差し
・自分が一定の順位にいるか",・自分,・100%
むゆうむふう無憂無風,安定感のある走りで勝利を呼び込む姿はまさに無憂無風,ロングエース1972,"・効果1（条件1を満たすと発揮）
　常時、脚が少し速くなり、
　スタミナが少し増える
・効果2（条件1、2を満たすと発揮）
　最後の直線で、脚が少し速くなる","・条件1
　中距離以上のレース
　東京競馬場
・条件2
　騎乗指示：逃げ","・効果1
自分・効果2
自分",・100%
ゆいがどくそん唯我独尊,地方競馬のダートでスピードを活かし他馬を圧倒する逃げを打てるだろう,スマートファルコン2011,"・効果1（条件1を満たすと発揮）
常時脚が少し速くなり、　根性がつく
・効果2（条件1、2を満たすと発揮）
最後の直線で脚が速くなり、　根性がつく","・条件1
　大井競馬場
　ダートレース
　中距離レース
・条件2
　騎乗指示：逃げ","・効果1
自分・効果2
自分",・100%
ゆいつむに唯一無二,大逃げを打ち他馬を置き去りにして単独で躍り出る様は唯一無二の存在,サイレンススズカ1998,"・効果1（条件1を満たすと発揮）
　常時脚が少し速くなり、
　スタミナが少し増える
・効果2（条件1、2を満たすと発揮）
　レース序盤に脚が少し速くなり、
　持久力が上がる","・条件1
　宝塚記念、日本ダービー
　天皇賞（秋）、マイルCS
　弥生賞、神戸新聞杯、中山記念
　金鯱賞、毎日王冠、小倉大賞典
・条件2
　騎乗指示：逃げ
","・効果1
自分・効果2
自分",・100%
ゆうおうまいしん勇往邁進,先行策をとった時最後の直線で勇往邁進し、他馬を追い抜く走りをみせる,ガリレオ2001,"・効果1（条件1を満たすと発揮）
常時脚が少し速くなり、　スタミナが少し増える
・効果2（条件1、2を満たすと発揮）
最後の直線で脚が速くなり、　根性がつく","・条件1
　馬場条件が良
　中距離以上のレース
　札幌競馬場、函館競馬場、
　ロンシャン競馬場
　芝レース
・条件2
　騎乗指示：先行","・効果1
自分・効果2
自分",・100%
ゆうずうむげ融通無碍,レース終盤でこだわりを持たず走ることで持てる力を発揮できるだろう,マンハッタンカフェ2001,"・効果1（条件1を満たすと発揮）
　常時、脚が少し速くなり、
　スタミナが少し増える
・効果2（条件1、2を満たすと発揮）
　レース終盤で、脚が速くなり、
　スタミナが少し増える","・条件1
　長距離レース
　芝レース
・条件2
　騎乗指示：差し","・効果1
自分・効果2
自分",・100%
ゆうだいごうそう雄大豪壮,脚を溜めつつ豪快な走りで他馬を突き放す,ヒカルタカイ1968,"・レース終盤でスタミナが少し増えて、
　一定時間後、脚が少し速くなる","・条件1
　阪神競馬場、京都競馬場、
　大井競馬場
　特定の中距離レースまたは
　特定の長距離レース
・条件2
　騎乗指示：逃げ",・自分,・100%
ゆうもうむひ勇猛無比,逃げを選んだとき勝利を得るために勇猛な走りを見せるだろう,マルゼンスキー1977,"・最後の直線で脚が速くなり、
　スタミナが少し増える","・マイル以上のレース
・騎乗指示：逃げ
・中山競馬場、東京競馬場、
　阪神競馬場
・芝レース
・天候が晴、曇",・自分,・100%
ようしばてきせい洋芝適性,札幌　函館　ロンシャンなどの洋芝に難なく対応し力のいる馬場でこそ本領を発揮する,ダンシングブレーヴ1986ジャイアンツコーズウェイ2000デインヒル1989ストームキャット1999マキャベリアン1989エーピーインディ1992ロックオブジブラルタル2002リダウツチョイス1999シルヴァーホーク1997ダルシャーン1984,"・常時脚が少し速くなり、
　スタミナが少し増える","・札幌競馬場、函館競馬場、
　ロンシャン競馬場
・芝レース",・自分,・100%
よゆうしゃくしゃく余裕綽々,普段は余裕の走りを見せるが他の馬に並ばれると本気の走りで一気に突き放しにかかる,マヤノトップガン1996,"・効果1（条件1を満たすと発揮）
　常時脚が少し速くなる
・効果2（条件1、2を満たすと発揮）
　最後の直線で脚が少し速くなる","・条件1
　阪神大賞典、宝塚記念
　天皇賞(春)
・条件2
　他馬と競り合う位置にいるか
　騎乗指示：先行","・効果1
自分・効果2
自分",・100%
らぴっどRapide,常にスピードを意識し最後の直線に入るとその脚はさらなる飛躍を遂げる,ヘクタープロテクター1990,"・効果1（条件1を満たすと発揮）
　常時、脚が少し速くなる
・効果2（条件1、2を満たすと発揮）
　最後の直線で脚が速くなり、
　持久力が上がる","・条件1
　マイルレース
　芝レース
　コンディションが絶好調
・条件2
　騎乗指示：先行","・発揮効果1
　自分
・発揮効果2
　自分",・100%
りきせんふんとう力戦奮闘,先行策をとった時最後の直線で勝負根性を発揮し、力強い走りをみせる,モガミ1986,"・最後の直線で脚が少し速くなり、
　根性がつく","・中距離以上レース
・コンディションが好調以上
・騎乗指示：先行",・自分,・80%
りゅうおう龍王,荒ぶる気性を闘争心と勝負根性に昇華させることで気性を安定させ最終コーナーで本領を発揮する,ロードカナロア2013,"・効果1（条件1を満たすと発揮）
　常時、脚が少し速くなり、
　気性が穏やかになり
　根性がつく
・効果2（条件1、2を満たすと発揮）
　最後の直線で脚が少し速くなり
　一定時間後に更に脚が速くなる","・条件1
　馬場条件が良、稍重
　短距離以上のレース
　芝レース
　コンディションが絶好調
・条件2
　騎乗指示：差し","・発揮効果1
　自分
・発揮効果2
　自分",・100%
りりーふRelief,平静さを保ちながらレースに臨み最後の直線で呼吸を整えて徐々に加速していく,グリーンデザート1994,"・最後の直線で脚が少し速くなり
　一定時間後、更に脚が少し速くなり
　一定時間後、もう一段階、脚が速くなる","・短距離レース
・中山競馬場、東京競馬場、
　新潟競馬場、メイダン競馬場、
　シャティン競馬場
・騎乗指示：先行",・自分,・70%
れいせいちんちゃく冷静沈着,冷静な気持ちで走り自分の実力を出し切ってレースを進められるだろう,レッドファルクス,"・常時脚が少し速くなり
　スタミナが少し増え、
　気性が穏やかになる","・短距離レース
・東京競馬場、中山競馬場",・自分,・100%
アブソリュートAbsolute,ダートレースの最後の直線でも驚異的なスタミナで息を切らさず絶対的な走りを見せる,アメリカンファラオ2015,"・最後の直線で脚が少し速くなり、
　スタミナが少し増える","・ダートレース
・特定の中距離または
　特定の長距離のレース
・騎乗指示：逃げ
・一定以上の人気度がある
・騎手が外国人騎手",・自分,・100%
アーネストEarnest,鞭が入ると共に一気にスピードに乗り 見る者すべてに本気の走りを見せる,コジーン1996,"・効果1（条件1を満たすと発揮）
常時スタミナが少し増え、　根性がつく
・効果2（条件1、2を満たすと発揮）
最後の直線で脚が速くなる","・条件1
　東京競馬場、阪神競馬場
　馬場条件が良
　芝レース
　マイル以上のレース
　コンディションが絶好調
・条件2
　騎乗指示：先行
","・効果1
自分・効果2
自分",・100%
イラプションEruption,ハナを切ると強い力が宿った走りをしてレースを有利に進める,アカテナンゴ,"・レース序盤に脚が少し速くなり、
　スタミナが少し増える","・中距離以上のレース
・芝レース
・騎乗指示：逃げ
・自分が一定の順位にいるか",・自分,・100%
インヴィシブルInvincible,先手を取りつつ最後の直線では向かうところ敵無しの走りで後続をさらに引き離す,フランケル2012,"・効果1（条件1を満たすと発揮）
常時脚が少し速くなり、根性がつく・効果2（条件1、2を満たすと発揮）
最後の直線で脚が少し速くなり、　一定時間後、更に脚が速くなる","・条件1
　マイル以上のレース
　芝レース
　コンディションが好調以上
・条件2
　騎乗指示：先行
　自分が一定の順位にいるか","・効果1
　自分
・効果2
　自分",・90%
グロリアGloria,最後の直線で競り合うことでさらなる高みへと栄光の一歩を踏み出す,ヌレイエフ1987,"・効果1（条件1を満たすと発揮）
　常時、脚が少し速くなる
・効果2（条件1、2を満たすと発揮）
　最後の直線で脚が速くなり
　根性がつく","・条件1
　中山競馬場、東京競馬場
　ロンシャン競馬場
　コンディションが絶好調
・条件2
　他馬と競り合う位置にいるか","・効果1
自分・効果2
自分",・100%
グロリアスレインボウGlorious Rainbow,最後の直線に入ると次第に加速し栄光の虹を掴むだろう,レインボウクエスト1985,"・効果1（条件1を満たすと発揮）
　常時脚が少し速くなり、
　スタミナが少し増え、根性がつく
・効果2（条件1、2を満たすと発揮）
最後の直線で脚が速くなり、　一定時間後、更に脚が速くなる","・条件1
　中距離以上のレース
　中山競馬場、京都競馬場、
　ロンシャン競馬場
・条件2
　騎乗指示：差し","・効果1
自分・効果2
自分",・80%
ディフュージョンDiffusion,最終コーナーでの驚愕な脚は他馬を驚かせ、その驚きは観客にも拡散していくだろう,ガルチ1988,"・効果1（条件1を満たすと発揮）
　常時脚が少し速くなり、
　スタミナが少し増える
・効果2（条件1、2を満たすと発揮）
　最終コーナーで脚が速くなり、
　持久力が上がる","・条件1
　短距離以上のレース
　天候が晴、曇
・条件2
　自分が一定の順位にいるか
　騎乗指示：先行","・効果1
自分・効果2
自分",・100%
トゥルースコインTruth Coin,何が真実なのかは分からないがそれを求める為にスタミナは上がりそこに近づくことでスピードも上がる,メジロマッコイーン,"・効果1（条件1を満たすと発揮）
　常時、スタミナが少し増える
・効果2（条件1、2を満たすと発揮）
　最後の直線で脚が速くなる　","・条件1
　阪神競馬場、京都競馬場
・条件2
　騎乗指示：先行","・効果1
自分・効果2
自分",・100%
トリオンフTriomphe,凱旋門賞で前を走る馬にプレッシャーをかけ脚を鈍らせ自身は勢いを増して駆け抜ける,モンジュー1999,"・効果1（条件1を満たすと発揮）
　常時、スタミナが少し増える
・効果2（条件1、2を満たすと発揮）
　最後の直線で、脚が少し速くなる
・効果3（条件1、2を満たすと発揮）
　最後の直線で、対象の脚を少し遅くする","・条件1
　凱旋門賞
・条件2
　騎乗指示：先行
　自分が一定の順位にいるか","・効果1
自分・効果2
自分・効果3
　自分より順位の高い相手へ
　相手競走馬2頭",・100%
ネクサスNexus,受け継がれてゆく火種はゴール前でさらなる焔を灯し次世代へと続く一歩を踏み出す,ダンチヒ1992,"・効果1（条件を満たすと発揮）
　常時脚が少し速くなり、
　スタミナが少し増える
・効果2（条件を満たすと発揮）
　最後の直線で脚が速くなり、
　根性がつく","・阪神競馬場、ロンシャン競馬場、
　メイダン競馬場、シャティン競馬場
・馬場条件が不良以外","・効果1
自分・効果2
自分",・80%
ビッグレッドBig Red,燃えるような気配を纏い最後の直線でその末脚を発揮するだろう,セクレタリアト1973,"・効果1（条件1を満たすと発揮）
　常時、脚が少し速くなる
・効果2（条件1、2を満たすと発揮）
最後の直線で脚が速くなる","・条件1
　中距離以上のレース
　年齢が3歳
・条件2
　騎乗指示：追込
　人気が高い","・効果1
自分・効果2
自分",・100%
ファントムPhantom,気付いたときには他馬を置き去りにする走りをみせるまさにPhantomのごとし,アロゲート2016,"・効果1（条件を満たすと発揮）
常時脚が少し速くなり、　スタミナが少し増える
・効果2（条件を満たすと発揮）
レース終盤にスタミナが少し増え、一定時間後、脚が少し速くなる","・中距離レース
・ダートレース","・効果1
自分・効果2
自分",・100%
ブリリアンスBrilliance,特定の競馬場で本来持てる力を発揮して安定した活躍ができるだろう,キングマンボ1993,"・効果1（条件を満たすと発揮）
　常時脚が少し速くなり
　スタミナが少し増え、
　気性が少し穏やかになる
・効果2（条件を満たすと発揮）
　最後の直線で、脚が少し速くなる","・東京競馬場、ロンシャン競馬場、
　シャティン競馬場
・コンディションが好調以上
・馬場条件が不良以外","・効果1
自分・効果2
自分",・100%
ミラクルMiracle,道中は良い位置を確保し最後の直線では、スルリと抜け出し先頭に立つだろう,カリフォルニアクローム2014,"・効果1（条件1を満たすと発揮）
　常時、スタミナが少し増える
・効果2（条件1、2を満たすと発揮）
　最後の直線で、脚が速くなる","・条件1
　ダートレース
　中距離以上のレース
・条件2
　騎乗指示：先行","・効果1
自分・効果2
自分",・100%
ラッシュRush,ゴール前で良い位置を取っていると勝利を目指して一気に加速する,エルグランセニョール1984,"・効果1（条件1を満たすと発揮）
　常時脚が少し速くなり、
　スタミナが少し増える
・効果2（条件1、2を満たすと発揮）
　最後の直線で脚が速くなり、
　スタミナが少し増える","・条件1
　東京競馬場、京都競馬場
　短距離以上のレース
・条件2
　自分が一定の順位にいるか
　騎乗指示：差し","・効果1
自分・効果2
自分",・100%
リーガルRegal,切れ味鋭い末脚で一気に捲くる姿には王者の風格が漂う,タピット2014,"・効果1（条件1を満たすと発揮）
　常時脚が少し速くなり
　スタミナが少し増え、
　根性がつく
・効果2（条件1、2を満たすと発揮）
　レース終盤に脚が少し速くなり、
　一定時間後、更に脚が速くなる","・条件1
　東京競馬場、阪神競馬場
　短距離以上のレース
　馬場条件が良、稍重
・条件2
　騎乗指示：差し","・効果1
自分・効果2
自分",・100%
レッドホットRed Hot,熱い気持ちを持つことによりスピードとスタミナを高めた状態でレースに臨めるだろう,タバスコキャット,"・常時、脚が少し速くなり、
　スタミナが増える","・天候が晴、曇、雨
・馬場条件が良、重
・ダートレース",・自分,・80%
ロアRoar,レース終盤に差し掛かると咆哮をあげるかのように凄まじい走りをみせる,アウザール1992,"・効果1（条件1を満たすと発揮）
常時脚が少し速くなり、　根性がつく
・効果2（条件1、2を満たすと発揮）
レース終盤で脚が速くなり、根性がつく","・条件1
　中距離以上のレース
・条件2
　騎乗指示：先行
　自分が一定の順位にいるか","・効果1
自分・効果2
自分",・100%
あきかぜ秋風,天皇賞(秋)で凄まじい粘りを発揮する主な,オールカマーもしくは毎日王冠もしくは京都大賞典を制覇,・常時、スタミナが増える,・天皇賞(秋),・自分,・100%
あしかせ足枷,春の天皇賞にて特定馬に対しプレッシャーを与えるその圧力は対象にとって足枷となる主な,決戦！マヤノトップガン　中級,・最後の直線で、対象を疲れやすくする,"・天皇賞(春)
・自分が一定の順位にいるか","・自分より順位の高い相手へ
・自分以外の相手へ
・騎乗指示：差し
・相手競走馬3頭",・30%〜50%
あしまとい足纏,NHKマイルカップで後方から気迫を発し先頭集団のペースを乱す主な,決戦！ゲームイズオーバー,・最後の直線で、対象を疲れやすくする,"・ＮＨＫマイルカップ
・自分が一定の順位にいるか","・自分より順位の高い相手へ
・自分以外の相手へ
・騎乗指示：先行
・相手競走馬3頭",・30%〜50%
あっくつ圧屈,日本ダービーで他馬に威圧感を与え脚色を一杯にする主な,超決戦！ディープインパクト（日本ダービー）,・最後の直線で、対象を疲れやすくする,"・日本ダービー
・自分が一定の順位にいるか","・自分より順位の高い相手へ
・自分以外の相手へ
・騎乗指示：差し
・相手競走馬2頭",・40%〜80%
あんていかん安定感,落ち着いた気持ちで安定感のあるスタートが切れるだろう主な,田中将大特別調教師誕生！超決戦！オルフェーヴル,・ゲートでの出遅れを抑える,・芝レース,・自分,・100%
いきざし息差,宝塚記念でみせる後方より忍び寄る息遣いは恐怖により相手を疲れさせる主な,決戦！マヤノトップガン　上級,・最終コーナーで対象を疲れやすくする,"・BCレジェンドのみ
・宝塚記念
・騎乗指示：差し","・自分より順位の高い相手へ
・自分以外の相手へ
・相手競走馬3頭",・30%〜60%
いきとうごう意気投合,池添騎手との相性良し馬と意気投合し　力を発揮する主な,強敵チャレンジ,・最後の直線で、脚が少し速くなる,・騎手が池添騎手,・自分,・100%
いし意志,ゴール前でスタミナを保ったまま力強い走りができるだろう主な,田中将大特別調教師誕生！超決戦！オルフェーヴル,・最後の直線で、スタミナが少し増える,"・馬場条件が良
・芝レース
・コンディションが絶好調",・自分,・100%
いしんでんしん以心伝心,川田騎手との相性良し才能を発揮したとき　馬と騎手は以心伝心となる主な,ナシームからの報酬,・最後の直線で、脚が少し速くなる,・騎手が川田騎手,・自分,・100%
いちれんたくしょう一蓮托生,岩田騎手との相性良し馬と人は一蓮托生の伴侶となる主な,ナシームからの報酬,・最後の直線で、脚が少し速くなる,・騎手が岩田騎手,・自分,・100%
いっきゅうにゅうこん一球入魂,ゴール直前に全神経を傾け全てを出し切る走りを見せる主な,佐々木主浩特別調教師×3付き！『プレミアム種牡馬抽選会』,・ 最後の直線で、脚が速くなる,"・東京競馬場、メイダン競馬場
・特定の中距離または
　特定の長距離のレース
・芝レース
・騎乗指示：先行
・馬場条件が良、稍重",・自分,・100%
いっしんどうたい一心同体,三浦騎手との相性良し阿吽の呼吸は一心同体といえる主な,ナシームからの報酬,・最後の直線で、脚が少し速くなる,・騎手が三浦騎手,・自分,・100%
えいしさっそう英姿颯爽,浜中騎手との相性良し自信に満ち溢れたその騎乗は英姿颯爽としている主な,佐々木主浩特別調教師×3付き！『プレミアム種牡馬抽選会』,・最後の直線で、脚が速くなる,・騎手が浜中騎手,・自分,・100%
えいたつ栄達,圧巻のスピードをＮＨＫマイルカップで見せる主な,ニュージーランドトロフィーを制覇,・常時、脚が速くなる,・ＮＨＫマイルカップ,・自分,・100%
えすぽわーるエスポワール‥！,希望だ‥！荒れ馬場の時こそ発揮する偉大な力‥！漕ぎ出すんだっ！ターフという大海へ‥！主な,利根川流特別調教の極意っ‥！,・常時、脚が速くなる,"・馬場条件が不良
・芝レース",・自分,・100%
おいうち追討,相手の気勢をそぐに十分な執ようなマークに定評がある主な,凄馬ウィーク,・最後の直線で、対象の根性を弱くする,・騎乗指示：マーク,・マークしている相手競走馬,・100%
おうかん王冠,毎日王冠で見せるスピードは一見の価値あり主な,共同通信杯もしくはエプソムカップで3着以内に入る,・常時、脚が速くなる,・毎日王冠,・自分,・100%
おおいちばん大一番,大一番の大観衆の前でも動じず持ち前の安定感を見せる主な,GIを制覇,・常時、気性が穏やかになる,・GI/JpnIレース,・自分,・100%
おもわく思惑,先行を選びハナを取れたときマイペースにレースを展開できる主な,GIを制覇,・レース序盤に、脚が少し速くなる,"・騎乗指示：先行
・自分が一定の順位にいるか",・自分,・100%
おんしょう恩賞,老若男女を唸らせるその走りでBCレースで獲得できるGPの量が増加するようだ主な,馬主ランク報酬,・BCで獲得できるGPが増える,・BCのみ,・自分,・100%
かいそう快走,GI/JpnIなどの大舞台を除けばスタミナを上手く使って走れるだろう主な,BCファンから,・常時、スタミナが非常に増える,"・GI/JpnIレース以外
・BC以外",・自分,・100%
かくさく画策,息を潜めて後方に待機し勝利までの道のりを画策する主な,10回抽選で特別調教師×3付き！『プレミアム種牡馬抽選会』,"・最後の直線で疲れやすくなるが、
　脚が速くなる","・馬場条件が重以上
・中距離以上のレース
・騎乗指示：追込",・自分,・40%〜80%
かんきゅう緩急,緩急をつけた走りでゴールまで駆け抜ける主な,佐々木主浩氏登場！BCファンミーティング,"・最終の直線で脚が少し速くなるが、
　スタミナが減る",・東京競馬場、メイダン競馬場,・自分,・100%
かんさ寒砂,フェブラリーステークスで粘り強い走りを見せる主な,根岸ステークスもしくは東海ステークスを制覇,・常時、スタミナが増える,・フェブラリーステークス,・自分,・100%
かんにん堪忍,荒れた馬場でも負けない強い走りを発揮する主な,特別調教師総会,・レース中盤で、持久力が上がる,"・馬場状態が重以上
・京都競馬場、阪神競馬場
・マイル以上のレース
・騎乗指示：差し",・自分,・50%〜80%
がいか凱歌,凱旋門賞の大舞台で最後の直線に力を振り絞れるだろう主な,特別調教師総会,"・最後の直線で脚が少し速くなり、
　スタミナが少し増える","・凱旋門賞
・BC以外",・自分,・50%〜100%
がいじゅう外柔,外枠から発走すると脚が冴える主な,ナシームからの報酬,・コーナーで、持久力が上がる,・枠順が外枠,・自分,・100%
きあい気合,気合と根性で力強いレースを繰り広げるだろう主な,佐々木主浩氏コラボ『特別調教師総会』,・常時、根性がつく,"・ドバイワールドカップ
　アルクォズスプリント
　ドバイゴールデンシャヒーン
　ドバイターフ
　ドバイシーマクラシック
　ジャパンカップ",・自分,・50%〜100%
きえい気鋭,鋭い意気込みで粘り強い走りをみせる主な,公式BC記念抽選会,・常時スタミナが少し増え、根性がつく,"・長距離レース
・馬場状態が不良以外",・自分,・50%〜80%
きえんばんじょう気炎万丈,戸崎騎手との相性良しその勢いはとどまることを知らず最後の局面でさらに燃え盛る主な,10回抽選で特別調教師×3付き！『プレミアム種牡馬抽選会』,・最後の直線で、脚が速くなる,・騎手が戸崎騎手,・自分,・100%
きかくがい規格外,その走りは、まさに規格外！圧巻の走りで他馬を一切寄せ付けない主な,佐々木主浩特別調教師×3付き！『プレミアム種牡馬抽選会』,・常時脚が速くなり、根性がつく,・メイダン競馬場,・自分,・100%
きせい規制,決戦BCでブライアンズタイム産駒の刺客となり勝利を掴む主な,決戦！マヤノトップガン　初級,・常時、対象の脚を遅くする,・BCレジェンドのみ,"・ブライアンズタイム産駒
・自分以外の相手へ",・100%
きちきさく機知奇策,馬の状態を知り奇策を転じることで勝利への道筋をつくる主な,10回抽選で特別調教師×3付き！『プレミアム種牡馬抽選会』,・最後の直線で、脚が速くなる,・騎手が横山典騎手,・自分,・100%
きはく気迫,悪天候でもGI/JpnI以外で絶好調であればスタミナを温存して走り抜ける主な,GIチャレンジ,・常時、スタミナが非常に増える,"・天候が晴以外
・GI/JpnIレース以外
・コンディションが絶好調
・BC以外",・自分,・100%
きびん機敏,皐月賞で驚くべき持続力を顕在化する主な,弥生賞を制覇,・常時、スタミナが増える,・皐月賞,・自分,・100%
きゅうえん救援,自身の周辺にいる馬にプレッシャーをかけペースを狂わせ勝利を掴む主な,決戦！ヴィブロス,"・効果1（条件を満たすと発揮）
最後の直線で、対象を疲れやすくする・効果2（条件を満たすと発揮）
最後の直線で、脚が少し速くなる","・桜花賞、天皇賞（春）、
　ヴィクトリアマイル、日本ダービー、
　宝塚記念、秋華賞、
　エリザベス女王杯、ジャパンカップ
・自分が一定の順位にいるか","・効果1
自分より順位の高い相手へ　相手競走馬1頭
・効果2
自分",・100%
きょくせいじゅうじけん極星十字拳,勝負を決めるような鋭い走りをみせる主な,北斗の拳コラボ『特別調教師総会』北斗の拳コラボ『決戦！サウザー』,"・最後の直線で、少し脚が速くなり、
　根性がつく",・大井競馬場,・自分,・100%
ぎゃくしゅう逆襲,スタートで出遅れてしまった場合でも出ムチを入れ挽回を狙う主な,凱旋門賞を制覇,・ゲートで出遅れると、脚が少し速くなる,・騎乗指示：逃げ,・自分,・30%〜60%
くっきょう屈強,菊花賞で並外れたスタミナを見せる主な,神戸新聞杯を制覇,・常時、スタミナが増える,・菊花賞,・自分,・100%
くびき頸木,決戦BCで最後の直線に入るとハーツクライ産駒の動きを鈍らせる主な,決戦！シュヴァルグラン,・最後の直線で、対象の脚を遅くする,・BCレジェンドのみ,"・ハーツクライ産駒
・自分以外の相手へ",・30%〜70%
くろーざークローザー,クローザーとしてのフィジカル、メンタルを持ち合わせ最後の直線で差し切る主な,佐々木主浩特別調教師×3付き！『プレミアム種牡馬抽選会』,"・効果1（条件1を満たすと発揮）
常時脚が少し速くなる・効果2（条件1、2を満たすと発揮）
最後の直線で、脚が速くなる・効果3（条件1、2を満たすと発揮）
最後の直線で、対象を疲れやすくする","・条件1
　東京競馬場、京都競馬場、メイダン競馬場
　芝レース
　天候が晴、曇、雨
　マイル以上のレース
・条件2
　騎乗指示：差し、追込
　自分が一定の順位にいるか
　先頭の騎乗指示：逃げ","・効果1
　自分
・効果2
　自分
・効果3
一番速く走っている相手へ　騎乗指示：逃げ
　相手競走馬1頭",・50%〜100%
けいえいいちにょ形影一如,柴田善騎手との相性良し叩けば応える間柄は形影一如ともいえる関係主な,GIを制覇,・最後の直線で、脚が少し速くなる,・騎手が柴田善騎手,・自分,・100%
けいかい軽快,馬場状態が悪くても影響を受けず駆ける主な,凱旋門賞を制覇,・常時、脚が少し速くなる,・馬場条件が重以上,・自分,・100%
けいがん慧眼,中山記念でスタート直後に果敢に前へと走り抜ける主な,公式BC記念抽選会,・スタート時に脚が速くなる,"・BCのみ
・中山記念",・自分,・100%
けんせい牽制,ジャパンカップで前を走る馬にプレッシャーをかけ脚を鈍らせる主な,決戦！エルコンドルパサー　中級,・最後の直線で、対象の脚を遅くする,・ジャパンカップ,"・自分より順位の高い相手へ
・自分以外の相手へ
・騎乗指示：逃げ
・相手競走馬2頭",・30%〜60%
げつえい月影,夜の闇に紛れることで他馬に自分を悟らせず音もなく疾走する主な,10回抽選で特別調教師×3付き！『プレミアム種牡馬抽選会』,"・常時、脚が少し速くなり
　スタミナが少し増える","・馬場条件が良
・メイダン競馬場、大井競馬場（夜のみ）",・自分,・30%〜80%
げんていじゃんけん限定ジャンケン‥！,発揮できる確率は三分の一‥！競馬場限定で発揮するとなれば‥？とどのつまり限定ジャンケンっ‥！主な,利根川流特別調教の極意っ‥！,・常時、脚が速くなる,・阪神競馬場、小倉競馬場、京都競馬場,・自分,・30%
こううん好運,日本ダービーで目覚しいスタミナを見せる主な,京都新聞杯を制覇,・常時、スタミナが増える,・日本ダービー,・自分,・100%
こうそく拘束,凱旋門賞で前を走る馬にプレッシャーをかけスタミナを奪う主な,決戦！エルコンドルパサー　上級,"・最後の直線で、
　対象のスタミナを減らす",・凱旋門賞,"・自分より順位の高い相手へ
・相手競走馬2頭",・30%〜60%
こうてきしゅ好敵手,歴史に名を残した好敵手にスタート直後に圧力をかける主な,佐々木主浩氏コラボ『特別調教師総会』,・スタート時に、対象の脚を遅くする,・BCレジェンドのみ,"・ブラックタイド産駒
・自分以外の相手へ",・30%〜60%
こうどう荒道,荒れた馬場で内枠をとっても道悪にもめげず充分に力を発揮する主な,GIを制覇,・コーナーで、脚が少し速くなる,"・馬場条件が重以上
・枠順が内枠",・自分,・100%
こうふく降伏,日本ダービーで先行馬に強烈なプレッシャーを与え戦意を喪失させる主な,決戦！トウカイテイオー　中級,・最後の直線で、対象の根性を弱くする,"・日本ダービー
・自分が一定の順位にいるか","・自分より順位の高い相手へ
・自分以外の相手へ
・騎乗指示：先行
・相手競走馬1頭",・30%〜50%
こうよう高揚,GI/JpnIなどの大舞台以外では好調になることがあるようだ主な,特別調教師総会,・常時、調子を上げる,"・GI/JpnIレース以外
・上り調子
・BC以外",・自分,・50%〜100%
こっき克己,メイダン競馬場のダートレースではスタミナを上手く使って走れるだろう主な,10回抽選で特別調教師×3付き！『プレミアム種牡馬抽選会』,・常時、スタミナが少し増える,"・メイダン競馬場
・ダートレース
・一定以上の人気度がある",・自分,・100%
こぶげきれい鼓舞激励,和田騎手との相性良し騎手の鼓舞激励は馬の力を引き出す主な,10回抽選で特別調教師×3付き！『プレミアム種牡馬抽選会』,・最後の直線で、脚が速くなる,・騎手が和田騎手,・自分,・100%
こんじゃ困者,皐月賞で追い込み馬に強烈なプレッシャーを与え脚を鈍らせる主な,超決戦！ディープインパクト（皐月賞）,・最後の直線で、対象の脚を遅くする,"・皐月賞
・自分が一定の順位にいるか","・自分より順位の高い相手へ
・自分以外の相手へ
・騎乗指示：追込
・相手競走馬2頭",・30%〜70%
こんじょう根性,後方から進めると途端に末脚を発揮する主な,狭間から購入できる馬が所持,・レース中盤に、脚が少し速くなる,・後方に位置する,・自分,・100%
こんぜんいったい渾然一体,田辺騎手との相性良し渾然一体となりゴールへ駆ける主な,ナシームからの報酬,・最後の直線で、脚が少し速くなる,・騎手が田辺騎手,・自分,・100%
ごうちょく剛直,連敗しても経験を蓄積し次戦ではその経験を活かした走りをする主な,凄馬ウィーク,"・常時、少し脚が速くなり、
　連敗するほどさらに、
　少しずつ脚が速くなる","・BC以外
・前レースに敗北、もしくは連敗している",・自分,・100%
ごうゆう豪勇,後方から激しい闘争心で、持ち前の勝負根性を発揮するだろう主な,特別調教師総会,・最後の直線で、根性がつく,・騎乗指示：追込,・自分,・100%
さいき再起,最終コーナーで再起するかの如く更に前へと踏み出す主な,佐々木主浩氏コラボ『特別調教師総会』,・最終コーナーで、脚が少し速くなる,"・短距離以上のレース
・東京競馬場、阪神競馬場、
　福島競馬場、京都競馬場",・自分,・100%
さかん砂冠,大井競馬場のレースでは力強い走りをするだろう主な,強敵チャレンジ,・最終コーナーで脚が速くなる,・大井競馬場,・自分,・80%〜100%
さくりゃく策略,冷静に流れを見極め最後の直線でスピードを出し差し切るだろう主な,特別調教師総会,・最後の直線で、脚が少し速くなる,"・芝レース
・騎乗指示：差し",・自分,・100%
しぐれ時雨,水分を多少含んだ馬場を好み最終コーナーで息遣いがよくなる主な,10回抽選で特別調教師×3付き！『プレミアム種牡馬抽選会』,"・最終コーナーで脚が速くなり、
　持久力が上がる","・馬場条件が稍重、重
・阪神競馬場、京都競馬場
・騎乗指示：差し",・自分,・50%〜100%
しこん士魂,GI/JpnIなどの大舞台を除けば持ち前の勝負根性を見せる主な,特別調教師総会,・常時、根性がつく,"・GI/JpnIレース以外
・BC以外",・自分,・100%
ししふんじん獅子奮迅,福永騎手との相性良し猛進するような激しい勢いで一気に先頭を奪う主な,佐々木主浩特別調教師×3付き！『プレミアム種牡馬抽選会』,・最後の直線で、脚が速くなる,・騎手が福永騎手,・自分,・100%
しっく疾駆,スプリンターズステークスで見せる抜群の瞬発力を発揮する主な,キーンランドカップもしくはセントウルステークスを制覇,・常時、脚が速くなる,・スプリンターズステークス,・自分,・100%
しっぷう疾風,疾風のような速さを見せるがGI/JpnIなどの大舞台では発揮できないようだ主な,特別調教師総会,・常時、脚が非常に速くなる,"・GI/JpnIレース以外
・BC以外",・自分,・100%
しつよう執拗,凱旋門賞で有力馬を徹底的にマークしチャンスを窺う主な,有馬記念を制覇,・最後の直線で、対象の脚を遅くする,"・凱旋門賞
・騎乗指示：マーク",・マークしている相手競走馬,・100%
しはい支配,スタートを支配し、雨のドバイでイレ込んでいても出遅れにくくなる主な,佐々木主浩氏主催 限定マスターズチャレンジ,・ゲートでの出遅れを抑える,"・天候が雨
・メイダン競馬場
・イレ込んでいる",・自分,・100%
しゅうちゅう集中,イレ込んでいてもゲートでの集中力は高い主な,狭間から購入できる馬が所持,・ゲートでの出遅れを抑える,・イレ込んでいる,・自分,・30%
しゅごしん守護神,最後の直線で先頭を取った場合に発揮する。リードを最後まで守り抜く姿はまさに守護神主な,佐々木主浩特別調教師×3付き！『プレミアム種牡馬抽選会』,・最後の直線で、脚が速くなる,"・芝レース
・自分が一定の順位にいるか",・自分,・100%
しゅんいつ駿逸,芝短距離の大舞台で奮起し持てる以上の力を発揮する事がある主な,10回抽選で特別調教師×3付き！『プレミアム種牡馬抽選会』,・常時脚が速くなり、スタミナが少し増える,・高松宮記念、スプリンターズステークス,・自分,・50%〜100%
しゅんそう瞬走,スタートダッシュで他馬を抜き去る瞬きの如き走りをみせる主な,特別調教師総会,・スタート直後に少し脚が速くなる,"・BC以外
・騎乗指示：逃げ",・自分,・30%〜70%
しゅんそくちょうはん駿足長阪,坂の影響を受けづらい特殊な走りを見せる主な,特別調教師総会,・スタート時に、持久力が上がる,・坂がある競馬場,・自分,・10%〜100%
しゅんめ駿女,エリザベス女王杯で驚異のスタミナを見せる主な,府中牝馬ステークスを制覇,・常時、スタミナが増える,・エリザベス女王杯,・自分,・100%
しょうげき衝撃,特定のレースで衝撃を与える走りをみせるBCでは才能を発揮することは難しい主な,決戦！懐かしの名馬！？　上級,・常時、脚が速くなる,"・宝塚記念、菊花賞
　ジャパンカップ
・BC以外",・自分,・100%
しんしょくじじゃく神色自若,蛯名騎手との相性良し何があっても落ち着く様で神色自若の走りを見せる主な,10回抽選で特別調教師×3付き！『プレミアム種牡馬抽選会』,・最後の直線で、脚が速くなる,・騎手が蛯名騎手,・自分,・100%
じゅうあつ重圧,後方から威圧感を与え先頭集団に重圧をかける集団でこそ真価を発揮する主な,決戦！トウカイテイオー,・最後の直線で、対象の脚を遅くする,"・中山競馬場
・中距離以上のレース
・重賞レース
・自分が一定の順位にいるか","・自分より順位の高い相手へ
・相手競走馬1頭",・20%〜80%
じゅうのけん柔の拳,状態の悪い馬場でも柔軟に対応し、本来の力を引き出して走る主な,拳王廻天箱,"・効果1（条件を満たすと発揮）
　・常時、スタミナが少し増える
・効果2（条件を満たすと発揮）
　最後の直線で、脚が速くなる","・馬場状態：稍重、重、不良
・長距離レース
・芝レース","・効果1
　自分
・効果2
　自分",・100%
じょけつ女傑,ヴィクトリアマイルで驚異の瞬発力を発揮する主な,阪神牝馬ステークスもしくは福島牝馬ステークスを制覇,・常時、脚が速くなる,・ヴィクトリアマイル,・自分,・100%
じんばいったい人馬一体,武豊騎手との相性良し意思が通じた時　馬と人は一体となる主な,凄馬ウィーク,・最後の直線で、脚が少し速くなる,・騎手が武豊騎手,・自分,・100%
すなあらし砂嵐,GI/JpnI以外のダートでは普段よりスピードに乗れるだろう主な,名馬に癖あり、才能あり,・常時、脚が非常に速くなる,"・GI/JpnIレース以外
・ダートレース
・BC以外",・自分,・100%
すんぽふり寸歩不離,内田騎手との相性良し騎手と馬を超えた結びつきは寸歩不離をも感じさせる主な,GIを制覇,・最後の直線で、脚が少し速くなる,・騎手が内田騎手,・自分,・100%
せいあつ制圧,決戦BCでシンボリルドルフ産駒の刺客となり勝利を掴む主な,決戦！トウカイテイオー　初級,・常時、対象の脚を遅くする,・BCレジェンドのみ,"・シンボリルドルフ産駒
・自分以外の相手へ",・100%
せいあん征安,安田記念において驚愕のスピードを発揮する主な,読売マイラーズカップを制覇,・常時、脚が速くなる,・安田記念,・自分,・100%
せいぎょ制御,決戦BCでデヴィルズバッグ産駒の刺客となり勝利を掴む主な,決戦！タイキシャトル　初級,・常時、対象の脚を遅くする,・BCレジェンドのみ,"・デヴィルズバッグ産駒
・自分以外の相手へ",・100%
せいさいとっくん制裁特訓‥！,制裁とは怒りをもって制し裁く‥だが怒りにおびえては勤まらない‥！我々が教えるからには乗り越えてもらう‥主な,利根川流特別調教の極意っ‥！,"・最後の直線で、脚が少し速くなり、
　スタミナが少し増える","・短距離レース
・芝レース
・年齢が4～5歳",・自分,・30%〜50%
せっかつこう刹活孔,自身のスタミナと引き換えにスピードを上げて勝利を手繰り寄せる主な,北斗の拳コラボ『特別調教師総会』北斗の拳コラボ『決戦！トキ』,"・最後の直線で、脚が少し速くなるが、
　スタミナが減る","・馬場状態：重、不良
・京都競馬場",・自分,・100%
せつな刹那,雨の日になると一瞬の差し込みが光る主な,狭間から購入できる馬が所持,・最後の直線で、脚が少し速くなる,"・天候が雨
・先頭との距離が一定以内
・先頭の騎乗指示：逃げ",・自分,・100%
せんく先駆,スタート巧者な姿を見せレースを先駆ける主な,10回抽選で特別調教師×3付き！『プレミアム種牡馬抽選会』,・スタート時に脚が速くなる,"・中距離以上のレース
・騎乗指示：逃げ
・東京競馬場、阪神競馬場、京都競馬場
・イレ込んでいない",・自分,・50%〜100%
せんし選士,マイルチャンピオンシップで凄まじいスピードを発揮する主な,スワンステークスを制覇,・常時、脚が速くなる,・マイルチャンピオンシップ,・自分,・100%
そこぢから底力,クラシック戦に見せる最後の一走りが魅力主な,GIチャレンジ,・最後の直線で、脚が少し速くなる,"・クラシックレース
・先頭との距離が一定以内
・先頭の騎乗指示：逃げ",・自分,・100%
たつじん燵人,あるレースでは燵人のような走りで活躍するかもしれない主な,決戦！懐かしの名馬！？　初級　中級,・常時、スタミナが増える,・決戦！懐かしの名馬！？上級のみ,・自分,・100%
たんき胆気,人気が無く　クラスの低いレースほど持久力が光る主な,BCファンから,・常時、スタミナが非常に増える,"・オープンレース未満
・人気がない",・自分,・100%
たんりょく胆力,人気が無く　クラスの低いレースほどスピードに乗りやすい主な,BCファンから,・常時、脚が非常に速くなる,"・オープンレース未満
・人気がない",・自分,・100%
だいぶたい大舞台,クラシック戦や有馬記念やジャパンカップでスピードに乗れるだろう主な,田中将大特別調教師誕生！超決戦！オルフェーヴル,・常時、脚が少し速くなる,"・馬場条件が良
・クラシックレース、有馬記念、
　ジャパンカップのどれか
・芝レース",・自分,・100%
だは打破,雨で馬場が荒れた道でも最後の直線で軽やかな脚を見せる　主な,特別調教師総会,・最後の直線で、脚が少し速くなる,"・天候が雨
・馬場状態が重以上
・東京競馬場、中山競馬場
・騎乗指示：追込",・自分,・40%〜70%
だんこそうさいけん断己相殺拳,最後の直線でスピードを上げて活路を開く主な,拳王廻天箱,・最後の直線で、脚が速くなる,"・長距離レース
・東京競馬場、京都競馬場
・芝レース
・騎乗指示：逃げ、先行
・自分が一定の順位にいるか",・自分,・100%
ちゅうかんかんりろく中間管理録‥！,本当の名馬とは騎手さえも目覚めさせる無論‥！減量騎手でも‥！主な,利根川流特別調教の極意っ‥！,・スタート時に、騎手の騎乗が上手くなる,"・騎手が荻野極騎手、森裕騎手、
　鮫島克騎手、加藤騎手",・自分,・80%〜100%
ついげき追撃,マークした相手の脚が鈍くなる傾向がある主な,BCファンから,・最後の直線で、対象の脚を遅くする,・騎乗指示：マーク,・マークしている相手競走馬,・100%
ついそう追走,マークした相手が疲れやすくなる雰囲気がある主な,BCファンから,・最後の直線で、対象を疲れやすくする,・騎乗指示：マーク,・マークしている相手競走馬,・100%
てっぽう鉄砲,休養明けでも落ち着いている主な,狭間から購入できる馬が所持,・常時、気性が穏やかになる,・休養明け,・自分,・100%
てんしょうじゅうじほう天翔十字鳳,レースの流れを見切り最終コーナーでスピードを上げる主な,北斗の拳コラボ『超決戦！サウザー』,"・最終コーナーで、脚が速くなり、
　根性がつく","・ダートレース
・他馬と競り合う位置にいるか
・自分が一定の順位にいるか",・自分,・100%
てんしょうひゃくれつけん天翔百裂拳,ゴールが近づくと天を翔けるような走りで先頭との差を詰める主な,北斗の拳コラボ『超決戦！トキ』,・最後の直線で、脚が速くなる,"・馬場状態：稍重、重、不良
・マイル以上のレース
・芝レース
・一定以上の人気度がある
・先頭との距離が一定以上離れている",・自分,・100%
てんしょうほんれつ天将奔烈,猛烈な闘気を放ち勝利へと突き進む主な,北斗の拳コラボ『超決戦！ラオウ』,"・常時気性が荒くなるが、
　スタミナが少し増え、脚が少し速くなる","・BCレジェンドのみ
・コンディションが絶好調",・自分,・100%
とりしまり取締,決戦BCでブラックタイド産駒の刺客となり勝利を掴む主な,決戦！キタサンブラック　初級,・常時、対象の脚を遅くする,・BCレジェンドのみ,"・ブラックタイド産駒
・自分以外の相手へ",・100%
どうふくいっしん同腹一心,小牧騎手との相性良し志を共にする戦友なれば同腹一心となり力を発揮する主な,GIを制覇,・最後の直線で、脚が少し速くなる,・騎手が小牧騎手,・自分,・100%
ないごう内剛,内側を取ると他を凌ぐ脚を見せる主な,特別調教師総会,・コーナーで、脚が少し速くなる,・枠順が内枠,・自分,・100%
なんとごくとけん南斗獄屠拳,特定のBCレジェンドで相手を置き去りにするようなスピードをみせる主な,北斗の拳コラボ『特別調教師総会』北斗の拳コラボ『決戦！シン』,・レース終盤に、脚が少し速くなる,"・京都競馬場
・BCレジェンドのみ",・自分,・100%
にししんくうは二指真空把,東京・中京の競馬場で力を発揮する主な,北斗の拳コラボ『特別調教師総会』,・常時、脚が速くなる,"・BC以外
・東京競馬場、中京競馬場",・自分,・100%
にっぱい日杯,ジャパンカップで粘り強い走りを見せる主な,天皇賞（秋）を制覇,・常時、スタミナが増える,・ジャパンカップ,・自分,・100%
はっぷん発奮,最後のコーナーでためていた力を出す主な,利根川流特別調教の極意っ‥！,・最終コーナーで、脚が速くなる,・騎乗指示：追込,・自分,・30%〜80%
はるかぜ春風,天皇賞(春)で驚くべき粘りを発揮する主な,阪神大賞典もしくは日経賞もしくは大阪杯を制覇,・常時、スタミナが増える,・天皇賞(春),・自分,・100%
はんぎゃく反逆,人気に印が無くともGI/JpnIの大舞台では最後の直線で粘りを見せる主な,GIチャレンジ,・最後の直線で、持久力が上がる,"・GI/JpnIレース
・人気に印がない",・自分,・100%
はんこつ反骨,人気に印が無くともGI/JpnI以外であれば最後の直線で息が切れにくい主な,名馬に癖あり、才能あり,・最後の直線で、持久力が上がる,"・GI/JpnIレース以外
・人気に印がない",・自分,・100%
ひしょうはくれい飛翔白麗,スタミナの消費を抑える華麗な走りをみせる主な,北斗の拳コラボ『特別調教師総会』北斗の拳コラボ『決戦！レイ』,・レース中盤に、持久力が上がる,"・ダートレース
・年齢が3歳",・自分,・100%
ひとくせ一癖,何が起こるかはわからない癖は使いこなせば武器となる主な,特別調教師総会,"・最終コーナーで、以下のどれかを発揮する
　脚が少し速くなる
　スタミナが少し増える
　根性がつく",・BC以外,・自分,・50%〜80%
ひやく飛躍,後方から勝機をうかがい一気にスピードを上げた末脚をみせる主な,10回抽選で特別調教師×3付き！『プレミアム種牡馬抽選会』,・レース終盤に脚が速くなる,"・芝レース
・自分が一定の順位にいるか",・自分,・100%
びんしょう敏捷,高松宮記念で高速馬場に難なく対応し抜群のスピードを発揮する主な,GIを制覇,・常時、脚が速くなる,・高松宮記念,・自分,・100%
ふくつ不屈,BC以外のレースでは不屈の走りをみせる主な,馬主ランク報酬,・常時、スタミナが少し増える,"・BC以外
・コンディションが好調以上",・自分,・100%
ふりいったい不離一体,北村騎手との相性良し才能が磨かれれば不離一体の関係となる主な,ナシームからの報酬,・最後の直線で、脚が少し速くなる,・騎手が北村宏騎手,・自分,・100%
へびめっ蛇めっ‥！,絡め取れっ‥！何れ毒は四肢を廻り‥！蝕み絡めとるっ‥！主な,決戦！カズタカイザー？,・最後の直線で、対象を疲れやすくする,・騎乗指示：マーク,・マークしている相手競走馬,・50%〜100%
へんちょう変調,天皇賞(春)でプレッシャーを掛けレース終盤で他馬の脚を上げさせる主な,決戦！キタサンブラック　中級,・レース終盤に、対象を疲れやすくする,・天皇賞(春),"・自分より順位の高い相手へ
・相手競走馬2頭",・30%〜60%
ほうかん宝冠,宝塚記念で見せるスタミナは一見の価値あり主な,鳴尾記念もしくは目黒記念を制覇,・常時、スタミナが増える,・宝塚記念,・自分,・100%
ほうこう咆哮,最後の直線で他馬のスピードを凌ぐとき、さらにスピードを増した走りをみせる主な,田中将大特別調教師誕生！超決戦！オルフェーヴル,・最後の直線で、脚が少し速くなる,"・馬場条件が良
・芝レース
・コンディションが絶好調
・自分が最も速く走っているか",・自分,・100%
ほくとかいこつけん北斗壊骨拳,スタミナを使って序盤からレースを引っ張る走りをみせる主な,拳王廻天箱,"・レース序盤に、脚が速くなるが、
　スタミナが減る","・マイルレース
・芝レース
・コンディションが絶好調
・騎乗指示：逃げ
",・自分,・100%
ほくとごうしょうは北斗剛掌波,凄まじい闘気と共にスピードを上げてゴールへと進む主な,北斗の拳コラボ『特別調教師総会』北斗の拳コラボ『決戦！ラオウ』,・最後の直線で、脚が少し速くなる,"・特定の短距離、中距離
　長距離のレース
・京都競馬場、メイダン競馬場
　大井競馬場",・自分,・100%
ほくとざんかいけん北斗残悔拳,小倉・函館・札幌新潟・福島の競馬場で力を発揮する主な,北斗の拳コラボ『特別調教師総会』,・常時、脚が速くなる,"・BC以外
・小倉競馬場、新潟競馬場、
　福島競馬場、函館競馬場、
　札幌競馬場",・自分,・100%
ほくとしちしせいてん北斗七死星点,秘孔を深く突くように地面を踏みしめる走りをする主な,拳王廻天箱,"・常時、脚が少し速くなり、
　スタミナが少し増える","・マイル以上のレース
・中山競馬場、東京競馬場
　大井競馬場
・馬場状態：良",・自分,・70%〜100%
ほくとらかんげき北斗羅漢撃,卑怯な手を使ってうまくレースを進める主な,北斗の拳コラボ『特別調教師総会』北斗の拳コラボ『決戦！ジャギ』,・レース序盤に、脚が少し速くなる,"・ダートレース
・騎乗指示：逃げ",・自分,・100%
ほくとりゅうげきこ北斗龍撃虎,中山・阪神・京都の競馬場で力を発揮する主な,北斗の拳コラボ『特別調教師総会』,・常時、脚が速くなる,"・BC以外
・中山競馬場、阪神競馬場
　京都競馬場",・自分,・100%
ほしすな星砂,人気がなくともGI/JpnI以外のダートでは気合が入るようだ主な,決戦！ハルウララ,・常時、脚が非常に速くなる,"・GI/JpnIレース以外
・ダートレース
・BC以外
・人気が無い",・自分,・100%
みらい未来,朝日杯FSで持ち前のスピードを発揮し他馬を圧倒する主な,GIを制覇,・常時、脚が速くなる,・朝日杯フューチュリティステークス,・自分,・100%
みりょう魅了,BCで走るその姿は競馬ファンを魅了してやまないだろう主な,強敵チャレンジ,"・より良いファンから
　報酬をもらいやすくなる",・BCのみ,・自分,・100%
むが無我,イレ込んでいてもゲートで出遅れることは少ない主な,特別調教師総会,・ゲートでの出遅れを抑える,・イレ込んでいる,・自分,・10%〜100%
むきりょく無気力,安田記念で先行馬に強烈なプレッシャーを与え戦意を喪失させる主な,決戦！タイキシャトル　中級,・最後の直線で、対象の根性を弱くする　,"・安田記念
・自分が一定の順位にいるか","・自分より順位の高い相手へ
・自分以外の相手へ
・騎乗指示：先行
・相手競走馬2頭",・30%〜50%
むじんぞう無尽蔵,重賞以上のダートレースで無尽蔵のスタミナを発揮するBCでは才能を発揮することは難しい主な,10回抽選で特別調教師×3付き！『プレミアム種牡馬抽選会』,・常時、スタミナが非常に増える,"・重賞以上のレース
・ダートレース
・BC以外",・自分,・100%
むそうてんせい無想転生,深い哀しみを力に変えてゴール前で一気に追い込む走りをみせる主な,拳王廻天箱,"・効果1
　最後の直線で、脚が速くなり
　一定時間後、更に脚が速くなる
・効果2
特殊演出が発生する","・短距離以上のレース
・中山競馬場、東京競馬場
　メイダン競馬場
・騎乗指示：差し、追込",・自分,・100%
めいせい名声,有馬記念で強靭なスタミナを誇示する主な,ジャパンカップを制覇,・常時、スタミナが増える,・有馬記念,・自分,・100%
もくぜん目前,正念場を迎えたときゴール目前でその脚を一気に解き放つ主な,,・最後の直線で、脚が少し速くなる,"・中距離レース
・天候が晴",・自分,・100%
やくどう躍動,BC以外のレースでは躍動する走りをみせる主な,馬主ランク報酬,・常時、脚が少し速くなる,"・BC以外
・コンディションが好調以上",・自分,・100%
ゆうしゅん憂駿,あるレースでは憂駿の力を見せて活躍するらしい主な,決戦！懐かしの名馬！？　初級　中級,・常時、脚が速くなる,・決戦！懐かしの名馬！？上級のみ,・自分,・100%
ゆうぜん悠然,悪路でもスタミナを活かして悠然と走ることができる主な,10回抽選で特別調教師×3付き！『プレミアム種牡馬抽選会』,"・常時スタミナが少し増えて、
　気性が穏やかになる","・馬場条件が重以上
・東京競馬場、京都競馬場",・自分,・100%
ゆうはい酉杯,大阪杯で脅威の粘りを見せる主な,金鯱賞もしくは中山記念を制覇,・常時、スタミナが増える,・大阪杯,・自分,・100%
よくあつ抑圧,マイルチャンピオンシップで先行馬に強烈なプレッシャーを与え脚を鈍らせる主な,決戦！タイキシャトル,・最後の直線で、対象を疲れやすくする,"・マイルチャンピオンシップ
・自分が一定の順位にいるか","・自分より順位の高い相手へ
・自分以外の相手へ
・騎乗指示：先行
・相手競走馬3頭",・30%〜50%
よくし抑止,決戦BCでキングマンボ産駒の刺客となり勝利を掴む主な,決戦！エルコンドルパサー　初級,・常時、対象の脚を遅くする,・BCレジェンドのみ,"・キングマンボ産駒
・自分以外の相手へ",・100%
よくせい抑制,BC以外でステイゴールド産駒の刺客となり勝利を掴む主な,凄馬ウィーク,・常時、対象の脚を遅くする,・BC以外,"・ステイゴールド産駒
・自分以外の相手へ",・100%
れっきゃくざんじん烈脚斬陣,刃の如き足さばきで鋭い走りをみせる主な,拳王廻天箱,・最後の直線で、脚が速くなる,"・中距離レース
・阪神競馬場、京都競馬場
・騎乗指示：差し、追込",・自分,・100%
ろうこう老巧,大阪杯と天皇賞（春）で経験を活かし巧みに走り抜けるBCでは才能を発揮することは難しい主な,馬主ランク報酬,・最後の直線で、脚が速くなる,"・大阪杯、天皇賞(春)
・BC以外
・年齢が5歳以上",・自分,・100%
ろうせい老成,これまでの経験を活かし、熟練された走りで駆け抜ける主な,超決戦！TTG,・レース中盤に、持久力が上がる,"・年齢が4歳以上
・坂がある競馬場",・自分,・40%〜80%
ろうれん老練,チャンピオンズカップで年を経て身につけた絶妙なスタミナ配分を見せる主な,みやこステークスもしくは武蔵野ステークスを制覇,・常時、スタミナが増える,"・チャンピオンズカップ
・年齢が6歳以上",・自分,・100%
わかこま若駒,阪神JFで強靭なスタミナを発揮し他馬を陵駕する主な,GIを制覇,・常時、スタミナが増える,・阪神ジュベナイルフィリーズ,・自分,・100%
カヴァリエーレCavaliere,デムーロ騎手との相性良し力強く豪快な騎乗で最大限の力を発揮する主な,10回抽選で特別調教師×3付き！『プレミアム種牡馬抽選会』,・最後の直線で、脚が速くなる,・騎手がデムーロ騎手,・自分,・100%
シュヴァリエChevalier,ルメール騎手との相性良し的確で安定感のある騎乗で最大限の力を発揮する主な,10回抽選で特別調教師×3付き！『プレミアム種牡馬抽選会』,・最後の直線で、脚が速くなる,・騎手がルメール騎手,・自分,・100%
ナンバーニジュウニNo.22,2歳馬時に実力を発揮するスピードとスタミナに期待ができる主な,佐々木主浩氏主催 限定マスターズチャレンジ,"・常時脚が少し速くなり、
　スタミナが少し増える",・年齢が2歳,・自分,・100%
